Lot URL,Lot/Inv #,Est. Retail Value,Sale Date,Year,Make,Model,Engine Type,Cylinders,VIN,Grid/Row,Title Code,Category,Odometer,Odometer Description,Damage Description,Current Bid,My Bid,Item Number,Sale Name,Repair Estimate
https://www.copart.fi/lotDetail/50558824,50558824,0 EUR,02.10.2025 10:30 GMT+3,2022,19,Focus,Combustion,,WF0PXXGCHPNB04611,,,,"176,138 ",,Front End,"8,500 EUR",0 EUR,125,Pirkkala,0 EUR
https://www.copart.fi/lotDetail/50558885,50558885,0 EUR,02.10.2025 10:30 GMT+3,2010,42,3008,Combustion,,VF30U9HZHAS127732,,,,"334,433 ",,Side,550 EUR,0 EUR,127,Pirkkala,0 EUR
https://www.copart.fi/lotDetail/50556460,50556460,0 EUR,02.10.2025 10:30 GMT+3,2008,37,E,Combustion,,WDB2110071B351988,,,,"270,707 ",,Front End,325 EUR,0 EUR,128,Jyväskylä,0 EUR
https://www.copart.fi/lotDetail/50555246,50555246,0 EUR,02.10.2025 10:30 GMT+3,2006,41,Zafira,Combustion,,W0L0AHM7552224685,,,,"262,585 ",,Rear End,225 EUR,0 EUR,129,Jyväskylä,0 EUR
https://www.copart.fi/lotDetail/50552702,50552702,0 EUR,02.10.2025 10:30 GMT+3,2004,19,Mondeo,Combustion,,WF04XXGBB43M38185,,,,"294,273 ",,All Over,90 EUR,0 EUR,130,Espoo,0 EUR
https://www.copart.fi/lotDetail/50556423,50556423,0 EUR,02.10.2025 10:30 GMT+3,2001,59,S60,Combustion,,YV1RS65P212074504,,,,"213,093 ",,Side,100 EUR,0 EUR,131,Jyväskylä,0 EUR
https://www.copart.fi/lotDetail/50555377,50555377,0 EUR,02.10.2025 10:30 GMT+3,2008,58,Passat,Combustion,,WVWZZZ3CZ8E195497,,,,"410,300 ",,Animal Damage,90 EUR,0 EUR,132,Sastamala,0 EUR
https://www.copart.fi/lotDetail/50559028,50559028,0 EUR,02.10.2025 10:30 GMT+3,2008,56,Prius,Combustion,,JTDKB20U803381323,,,,"345,586 ",,Vandalism,"2,100 EUR",0 EUR,133,Espoo,0 EUR
https://www.copart.fi/lotDetail/50559029,50559029,0 EUR,02.10.2025 10:30 GMT+3,2009,5,300,Combustion,,WBAUY91080A164424,,,,"365,920 ",,Front End,"1,250 EUR",0 EUR,134,Espoo,0 EUR
https://www.copart.fi/lotDetail/50558829,50558829,0 EUR,02.10.2025 10:30 GMT+3,2024,1100400,E-GO Skootteri,Electric,,2312W758660V20A39,,,,,,Vandalism,70 EUR,0 EUR,135,Espoo,0 EUR
https://www.copart.fi/lotDetail/50548743,50548743,0 EUR,03.10.2025 10:30 GMT+3,2021,1100400,NTM Vaihtolavaperävaunu,None,,YF3RTPC04M1024616,,,,1 ,,Normal Wear,"2,050 EUR",0 EUR,5,MUUALLA,0 EUR
https://www.copart.fi/lotDetail/50548746,50548746,0 EUR,03.10.2025 10:30 GMT+3,2021,1100400,NTM Vaihtolavaperävaunu,None,,YF3RTPC04M1024615,,,,1 ,,Normal Wear,"2,550 EUR",0 EUR,6,MUUALLA,0 EUR
https://www.copart.fi/lotDetail/50549481,50549481,0 EUR,03.10.2025 10:30 GMT+3,1,1100400,Vaihtolava,None,,N/A,,,,1 ,,Normal Wear,15 EUR,0 EUR,7,MUUALLA,0 EUR
https://www.copart.fi/lotDetail/50549499,50549499,0 EUR,03.10.2025 10:30 GMT+3,2014,1100400,Schmitz Puoliperävaunu,None,,WSM00000003198564,,,,1 ,,Normal Wear,825 EUR,0 EUR,8,MUUALLA,0 EUR
https://www.copart.fi/lotDetail/50549514,50549514,0 EUR,03.10.2025 10:30 GMT+3,1,1100400,Vaihtolava,None,,N/A,,,,1 ,,Normal Wear,"2,550 EUR",0 EUR,9,MUUALLA,0 EUR
https://www.copart.fi/lotDetail/50554622,50554622,0 EUR,03.10.2025 10:30 GMT+3,2013,72,EUROCARGO,Combustion,,ZCFA1JJ0402608702,,,,"308,534 ",,Front End,"1,550 EUR",0 EUR,10,Koski,0 EUR
https://www.copart.fi/lotDetail/50554716,50554716,0 EUR,03.10.2025 10:30 GMT+3,2019,1100400,Ekeri T3- A aks ppv umpikori,None,,YF2T32BAAKKE35762,,,,"233,987 ",,All Over,25 EUR,0 EUR,12,Koski,0 EUR
https://www.copart.fi/lotDetail/50554813,50554813,0 EUR,03.10.2025 10:30 GMT+3,1984,1100400,GUY 33 + Vetus M2.13 13hv,Combustion,,N/A,,,,1 ,,Hull Damage,20 EUR,0 EUR,13,Porvoo,0 EUR
https://www.copart.fi/lotDetail/50554909,50554909,0 EUR,03.10.2025 10:30 GMT+3,2008,1100400,EKERI L-3,None,,YF9TTS3LL88015897,,,,"700,711 ",,All Over,20 EUR,0 EUR,14,Koski,0 EUR
https://www.copart.fi/lotDetail/50555097,50555097,0 EUR,03.10.2025 10:30 GMT+3,2022,1100400,SAMI SLH-2300 HIEKOITIN,None,,1092200063,,,,1 ,,All Over,60 EUR,0 EUR,15,Koski,0 EUR
https://www.copart.fi/lotDetail/50555261,50555261,0 EUR,03.10.2025 10:30 GMT+3,2003,72,EUROCARGO,Combustion,,ZCFA1EJ0202426793,,,,"337,743 ",,Normal Wear,50 EUR,0 EUR,16,Koski,0 EUR
https://www.copart.fi/lotDetail/50555298,50555298,0 EUR,03.10.2025 10:30 GMT+3,2016,59,FH16 8x4 puuauto,Combustion,,YV2R0P0G3GA790353,,,,"957,408 ",,All Over,225 EUR,0 EUR,17,Koski,0 EUR
https://www.copart.fi/lotDetail/50555357,50555357,0 EUR,03.10.2025 10:30 GMT+3,2020,56,SPE200D trukki,Electric,,N/A,,,,"4,697 ",,Normal Wear,25 EUR,0 EUR,18,MUUALLA,0 EUR
https://www.copart.fi/lotDetail/50555358,50555358,0 EUR,03.10.2025 10:30 GMT+3,2020,56,SPE200D trukki,Electric,,N/A,,,,"4,771 ",,Normal Wear,25 EUR,0 EUR,19,MUUALLA,0 EUR
https://www.copart.fi/lotDetail/50511737,50511737,0 EUR,03.10.2025 10:30 GMT+3,2012,1100400,BT LPE200/8 Lavansiirtotrukki,Electric,,N/A,,,,"6,500 ",,Minor Dents/Scratches,90 EUR,0 EUR,20,Pirkkala,0 EUR
https://www.copart.fi/lotDetail/50554624,50554624,0 EUR,03.10.2025 10:30 GMT+3,2012,1100400,Kel-Berg 4-aks kippipuoliperävaunu,None,,SKBT48S43CKE16753,,,,1 ,,Side,20 EUR,0 EUR,21,Keminmaa,0 EUR
https://www.copart.fi/lotDetail/50556273,50556273,0 EUR,03.10.2025 10:30 GMT+3,2023,59,FH,None,,YV2R0P0DXPA334744,,,,1 ,,Burn - Interior,"2,550 EUR",0 EUR,22,Pirkkala,0 EUR
https://www.copart.fi/lotDetail/50551814,50551814,0 EUR,03.10.2025 10:30 GMT+3,1999,37,1528 AF-4X4,Combustion,,WDB9763741K425930,,,,"325,900 ",,Normal Wear,"3,150 EUR",0 EUR,23,Koski,0 EUR
https://www.copart.fi/lotDetail/50557120,50557120,0 EUR,03.10.2025 10:30 GMT+3,2014,1100400,Agronic ACC Pulse M yhdistelmäpaalain,None,,494090414,,,,1 ,,Burn,90 EUR,0 EUR,24,Kajaani,0 EUR
https://www.copart.fi/lotDetail/50551476,50551476,0 EUR,03.10.2025 10:30 GMT+3,2008,1100400,Koneenkuljetuslavetti,None,,WMP3ZT0548CBL2258,,,,1 ,,Normal Wear,"8,200 EUR",0 EUR,25,MUUALLA,0 EUR
https://www.copart.fi/lotDetail/50557146,50557146,0 EUR,03.10.2025 10:30 GMT+3,2017,1100062,960 Yhdistelmäpaalain,None,,1CC0960NCHX170573,,,,1 ,,Burn,90 EUR,0 EUR,26,Sastamala,0 EUR
https://www.copart.fi/lotDetail/50557188,50557188,0 EUR,03.10.2025 10:30 GMT+3,2021,59,FH 500 6X2 Vetopöytäauto,Combustion,,YV2RT40C9MB351473,,,,"406,153 ",,All Over,"12,100 EUR",0 EUR,27,Koski,0 EUR
https://www.copart.fi/lotDetail/50557747,50557747,0 EUR,03.10.2025 10:30 GMT+3,2022,1100400,OZGUL TRAILER AT510 Kippipuoliperävaunu,None,,NP9AT5100L1025008,,,,1 ,,All Over,70 EUR,0 EUR,28,Koski,0 EUR
https://www.copart.fi/lotDetail/50557791,50557791,0 EUR,03.10.2025 10:30 GMT+3,2009,1100400,PONSSE BUFFALO 8W-S-8X8 Metsätraktori,Combustion,,030773,,,,1 ,,Burn,50 EUR,0 EUR,29,Koski,0 EUR
https://www.copart.fi/lotDetail/50558204,50558204,0 EUR,03.10.2025 10:30 GMT+3,2017,1100090,R 730 + Jonsered kuormain 2017,Combustion,,YS2R6X400G5450933,,,,"1,038,637 ",,Burn,525 EUR,0 EUR,30,Sastamala,0 EUR
https://www.copart.fi/lotDetail/50558212,50558212,0 EUR,03.10.2025 10:30 GMT+3,2002,1100400,KAR säiliöperävaunu,None,,YF9KAR43623021205,,,,1 ,,All Over,20 EUR,0 EUR,31,Koski,0 EUR
https://www.copart.fi/lotDetail/50558229,50558229,0 EUR,03.10.2025 10:30 GMT+3,2013,1100400,VAK jalkalava kontti,None,,21309296,,,,1 ,,Top/Roof,15 EUR,0 EUR,32,Koski,0 EUR
https://www.copart.fi/lotDetail/50558323,50558323,0 EUR,03.10.2025 10:30 GMT+3,2025,1100433,Vaihtolava 21m3,None,,NK-2669-24,,,,1 ,,Frame Damage Reported,"1,250 EUR",0 EUR,33,Koski,0 EUR
https://www.copart.fi/lotDetail/50558350,50558350,0 EUR,03.10.2025 10:30 GMT+3,2003,1100400,Kalmar DCE 120-6 trukki,Combustion,,T33105.0031,,,,"3,050 ",,Burn,60 EUR,0 EUR,34,Koski,0 EUR
https://www.copart.fi/lotDetail/50558451,50558451,0 EUR,03.10.2025 10:30 GMT+3,2016,72,120E Umpikorinen (BB) 2ov 6728cm3 A,Combustion,,N/A,,,,"450,000 ",,Normal Wear,"1,900 EUR",0 EUR,35,MUUALLA,0 EUR
https://www.copart.fi/lotDetail/50507515,50507515,0 EUR,03.10.2025 10:30 GMT+3,2008,1100400,Närko S3MB13L11,None,,YF1S3MBL18F028972,,,,1 ,,Normal Wear,20 EUR,0 EUR,36,MUUALLA,0 EUR
https://www.copart.fi/lotDetail/50507496,50507496,0 EUR,03.10.2025 10:30 GMT+3,2008,1100400,Schmitz SKO 24/L-13.62 FP 25 EXPRESS-2,None,,WSM00000005046515,,,,1 ,,Normal Wear,20 EUR,0 EUR,37,MUUALLA,0 EUR
https://www.copart.fi/lotDetail/50559312,50559312,0 EUR,03.10.2025 10:30 GMT+3,2010,37,Actros,Combustion,,WDB9301431L508600,,,,"550,605 ",,Burn,60 EUR,0 EUR,38,Koski,0 EUR
https://www.copart.fi/lotDetail/50559319,50559319,0 EUR,03.10.2025 10:30 GMT+3,2007,59,EC 140 BLCM Telakaivinkone metsävarustus,Combustion,,VCEC140BJ00012879,,,,"12,400 ",,Burn,60 EUR,0 EUR,39,Koski,0 EUR
https://www.copart.fi/lotDetail/50559441,50559441,0 EUR,03.10.2025 10:30 GMT+3,2005,1100079,TGL 12.2104x2 Umpikori,Combustion,,WMAN15ZZ76Y162562,,,,"630,420 ",,All Over,60 EUR,0 EUR,40,Koski,0 EUR
https://www.copart.fi/lotDetail/50551309,50551309,0 EUR,03.10.2025 10:30 GMT+3,2012,1100090,R 6X2 Vetopöytäauto,Combustion,,YS2R6X200B2072416,,,,"1,032,702 ",,Normal Wear,50 EUR,0 EUR,41,Koski,0 EUR
https://www.copart.fi/lotDetail/50548741,50548741,0 EUR,03.10.2025 10:30 GMT+3,2021,1100400,NTM Vaihtolavaperävaunu,None,,YF3RTPC04M1024617,,,,1 ,,Normal Wear,"2,550 EUR",0 EUR,42,MUUALLA,0 EUR
https://www.copart.fi/lotDetail/50462327,50462327,0 EUR,07.10.2025 10:30 GMT+3,2022,1100788,T9 ST 2 X Yamaha F300N,Combustion,,FI-FMSBB033C222,,,,35 ,,Hull Damage,"42,000 EUR",0 EUR,1,MUUALLA,0 EUR
https://www.copart.fi/lotDetail/50554833,50554833,0 EUR,07.10.2025 10:30 GMT+3,2009,40,GT-R 3.8,Combustion,,JN1GANR35U0101529,,,,"42,748 ",,All Over,"20,100 EUR",0 EUR,2,Espoo,0 EUR
https://www.copart.fi/lotDetail/50554834,50554834,0 EUR,07.10.2025 10:30 GMT+3,2008,59,Xc70,Combustion,,YV1BZ714691055089,,,,"456,995 ",,Side,"1,050 EUR",0 EUR,3,Espoo,0 EUR
https://www.copart.fi/lotDetail/50550112,50550112,0 EUR,07.10.2025 10:30 GMT+3,2014,40,Qashqai,Combustion,,SJNFEAJ11U1042064,,,,"160,786 ",,Mechanical,100 EUR,0 EUR,4,Espoo,0 EUR
https://www.copart.fi/lotDetail/50556627,50556627,0 EUR,07.10.2025 10:30 GMT+3,2024,1111597,Geniesser,None,,PEELK09607,,,,169 ,,Normal Wear,350 EUR,0 EUR,5,Espoo,0 EUR
https://www.copart.fi/lotDetail/50556641,50556641,0 EUR,07.10.2025 10:30 GMT+3,2022,1100400,Prophete Graveler e MTB,Hybrid,,PEEJF01949,,,,,,Normal Wear,225 EUR,0 EUR,6,Espoo,0 EUR
https://www.copart.fi/lotDetail/50557217,50557217,0 EUR,07.10.2025 10:30 GMT+3,2014,59,XC60,Combustion,,YV1DZ8156F2653637,,,,"151,904 ",,Front End,"4,050 EUR",0 EUR,7,Oulu,0 EUR
https://www.copart.fi/lotDetail/50557671,50557671,0 EUR,07.10.2025 10:30 GMT+3,2015,40,Juke,Combustion,,SJNFEAF15U7085752,,,,"225,503 ",,Normal Wear,100 EUR,0 EUR,8,Pirkkala,0 EUR
https://www.copart.fi/lotDetail/50553196,50553196,0 EUR,07.10.2025 10:30 GMT+3,2019,19,Mondeo,Combustion,,WF0FXXWPCFKY76940,,,,"153,583 ",,Front End,"2,650 EUR",0 EUR,9,Espoo,0 EUR
https://www.copart.fi/lotDetail/50556473,50556473,0 EUR,07.10.2025 10:30 GMT+3,2011,43,911,Combustion,,WP0ZZZ99ZCS110295,,,,"132,156 ",,Front End,"4,100 EUR",0 EUR,10,Pirkkala,0 EUR
https://www.copart.fi/lotDetail/50557801,50557801,0 EUR,07.10.2025 10:30 GMT+3,2008,16,DUCATO,Combustion,,ZFA25000001205117,,,,"87,686 ",,Normal Wear,"12,200 EUR",0 EUR,11,Espoo,0 EUR
https://www.copart.fi/lotDetail/50557858,50557858,0 EUR,07.10.2025 10:30 GMT+3,2021,39,Outlander,Hybrid,,JMBXDGG3WLZ031439,,,,"104,828 ",,Front End,"4,150 EUR",0 EUR,12,Oulu,0 EUR
https://www.copart.fi/lotDetail/50558298,50558298,0 EUR,07.10.2025 10:30 GMT+3,2017,37,CLA,Combustion,,WDD1173421N570488,,,,"185,389 ",,Front End,625 EUR,0 EUR,13,Turku,0 EUR
https://www.copart.fi/lotDetail/50553502,50553502,0 EUR,07.10.2025 10:30 GMT+3,2020,58,ID.3 ,Electric,,WVWZZZE1ZLP011858,,,,"86,156 ",,Front End,"2,100 EUR",0 EUR,14,Espoo,0 EUR
https://www.copart.fi/lotDetail/50553175,50553175,0 EUR,07.10.2025 10:30 GMT+3,2017,58,TRANSPORTER,Combustion,,WV1ZZZ7HZJH067755,,,,"287,629 ",,Mechanical,"3,350 EUR",0 EUR,15,Espoo,0 EUR
https://www.copart.fi/lotDetail/50558683,50558683,0 EUR,07.10.2025 10:30 GMT+3,2020,43,Cayenne,Hybrid,,WP1ZZZ9YZLDA72703,,,,"88,665 ",,Vandalism,"16,300 EUR",0 EUR,16,Espoo,0 EUR
https://www.copart.fi/lotDetail/50558703,50558703,0 EUR,07.10.2025 10:30 GMT+3,2019,1100436,RANGER XP 1000,Combustion,,TAPRRS992KK011777,,,,"3,254 ",,All Over,"5,200 EUR",0 EUR,17,Oulu,0 EUR
https://www.copart.fi/lotDetail/50558704,50558704,0 EUR,07.10.2025 10:30 GMT+3,2020,58,TRANSPORTER,Combustion,,WV1ZZZ7HZLH043787,,,,"165,142 ",,Front End,"4,000 EUR",0 EUR,18,Pirkkala,0 EUR
https://www.copart.fi/lotDetail/50558711,50558711,0 EUR,07.10.2025 10:30 GMT+3,1997,9,Corvette,Combustion,,1G1YY32G0W5110011,,,,"141,671 ",,Vandalism,"4,300 EUR",0 EUR,19,Pirkkala,0 EUR
https://www.copart.fi/lotDetail/50550790,50550790,0 EUR,07.10.2025 10:30 GMT+3,2018,59,S60,Combustion,,YV1FSA8CDJ2462914,,,,"140,124 ",,Animal Damage,"3,050 EUR",0 EUR,20,Espoo,0 EUR
https://www.copart.fi/lotDetail/50558737,50558737,0 EUR,07.10.2025 10:30 GMT+3,2019,58,Up!,Combustion,,WVWZZZAAZKD106913,,,,"48,541 ",,Front End,325 EUR,0 EUR,21,Espoo,0 EUR
https://www.copart.fi/lotDetail/50558740,50558740,0 EUR,07.10.2025 10:30 GMT+3,2019,59,XC60,Hybrid,,YV1UZBMVDL1509086,,,,"110,516 ",,Front End,"7,700 EUR",0 EUR,22,Espoo,0 EUR
https://www.copart.fi/lotDetail/50558763,50558763,0 EUR,07.10.2025 10:30 GMT+3,2022,45,Kadjar,Combustion,,VF1RFE00268119129,,,,"86,111 ",,Rear End,"1,200 EUR",0 EUR,23,Espoo,0 EUR
https://www.copart.fi/lotDetail/50558770,50558770,0 EUR,07.10.2025 10:30 GMT+3,2017,58,Crafter,Combustion,,WV1ZZZSYZH9007497,,,,"228,517 ",,Side,525 EUR,0 EUR,24,Espoo,0 EUR
https://www.copart.fi/lotDetail/50558772,50558772,0 EUR,07.10.2025 10:30 GMT+3,2019,5,300,Hybrid,,WBA8E1100JK420854,,,,"66,682 ",,Front End,"8,400 EUR",0 EUR,25,Espoo,0 EUR
https://www.copart.fi/lotDetail/50558776,50558776,0 EUR,07.10.2025 10:30 GMT+3,2003,37,C,Combustion,,WDB2037461A565121,,,,"199,927 ",,Minor Dents/Scratches,100 EUR,0 EUR,26,Espoo,0 EUR
https://www.copart.fi/lotDetail/50558777,50558777,0 EUR,07.10.2025 10:30 GMT+3,2015,58,Golf,Combustion,,WVWZZZAUZFP596100,,,,"322,171 ",,Normal Wear,125 EUR,0 EUR,27,Espoo,0 EUR
https://www.copart.fi/lotDetail/50558779,50558779,0 EUR,07.10.2025 10:30 GMT+3,2020,12,Sandero,Combustion,,UU1B5220764675850,,,,"38,927 ",,Front End,150 EUR,0 EUR,28,Espoo,0 EUR
https://www.copart.fi/lotDetail/50558804,50558804,0 EUR,07.10.2025 10:30 GMT+3,2024,41,Astra,Combustion,,VXKFRHNS3R1072579,,,,"10,452 ",,Front End,"2,050 EUR",0 EUR,29,Pirkkala,0 EUR
https://www.copart.fi/lotDetail/50558809,50558809,0 EUR,07.10.2025 10:30 GMT+3,2015,24,XF,Combustion,,SAJAA0586F8U72635,,,,"74,553 ",,Front End,"3,450 EUR",0 EUR,30,Espoo,0 EUR
https://www.copart.fi/lotDetail/50558811,50558811,0 EUR,07.10.2025 10:30 GMT+3,2021,26,Stonic,Combustion,,KNADA817AM6570967,,,,"41,218 ",,Front End,"1,000 EUR",0 EUR,31,Espoo,0 EUR
https://www.copart.fi/lotDetail/50558812,50558812,0 EUR,07.10.2025 10:30 GMT+3,2019,19,Mondeo,Hybrid,,WF0FXXWPCHKJ50660,,,,"143,857 ",,Mechanical,125 EUR,0 EUR,32,Espoo,0 EUR
https://www.copart.fi/lotDetail/50558813,50558813,0 EUR,07.10.2025 10:30 GMT+3,2020,56,Corolla,Hybrid,,SB1Z93BE70E113054,,,,"298,582 ",,Rear End,"5,500 EUR",0 EUR,33,Espoo,0 EUR
https://www.copart.fi/lotDetail/50558823,50558823,0 EUR,07.10.2025 10:30 GMT+3,2024,1100529,ZFORCE 950 Sport,Combustion,,LCELV1ZL7R6000234,,,,"7,344 ",,Side,"3,500 EUR",0 EUR,34,Espoo,0 EUR
https://www.copart.fi/lotDetail/50558832,50558832,0 EUR,07.10.2025 10:30 GMT+3,2013,56,HI-LUX,Combustion,,MR0HR22G401517554,,,,"152,014 ",,Front End,"2,550 EUR",0 EUR,35,Espoo,0 EUR
https://www.copart.fi/lotDetail/50558833,50558833,0 EUR,07.10.2025 10:30 GMT+3,2023,41,Corsa,Combustion,,VXKUPHNKSN4384010,,,,"53,855 ",,Rear End,"1,150 EUR",0 EUR,36,Espoo,0 EUR
https://www.copart.fi/lotDetail/50558842,50558842,0 EUR,07.10.2025 10:30 GMT+3,2015,40,Qashqai,Combustion,,SJNFEAJ11U1434867,,,,"216,338 ",,Normal Wear,100 EUR,0 EUR,37,Espoo,0 EUR
https://www.copart.fi/lotDetail/50558844,50558844,0 EUR,07.10.2025 10:30 GMT+3,2023,59,XC40,Electric,,YV1XZERR5R2251322,,,,"105,322 ",,Rear End,"10,100 EUR",0 EUR,38,Espoo,0 EUR
https://www.copart.fi/lotDetail/50558850,50558850,0 EUR,07.10.2025 10:30 GMT+3,2010,56,Yaris,Combustion,,VNKKH96370A099764,,,,"118,706 ",,Front End,"1,150 EUR",0 EUR,39,Espoo,0 EUR
https://www.copart.fi/lotDetail/50558852,50558852,0 EUR,07.10.2025 10:30 GMT+3,2017,5,300,Hybrid,,WBA8E1101HK831304,,,,"212,580 ",,Mechanical,"2,550 EUR",0 EUR,40,Espoo,0 EUR
https://www.copart.fi/lotDetail/50558858,50558858,0 EUR,07.10.2025 10:30 GMT+3,2019,19,Fiesta,Combustion,,WF0JXXGAHJKK12148,,,,"60,280 ",,Rear End,100 EUR,0 EUR,41,Espoo,0 EUR
https://www.copart.fi/lotDetail/50558871,50558871,0 EUR,07.10.2025 10:30 GMT+3,2022,42,3008,Hybrid,,VF3M45GBUNS125990,,,,"90,446 ",,Front End,"5,300 EUR",0 EUR,42,Espoo,0 EUR
https://www.copart.fi/lotDetail/50558875,50558875,0 EUR,07.10.2025 10:30 GMT+3,2012,42,508,Combustion,,VF38E5FVACL025073,,,,"242,515 ",,Front End,400 EUR,0 EUR,43,Oulu,0 EUR
https://www.copart.fi/lotDetail/50555448,50555448,0 EUR,07.10.2025 10:30 GMT+3,2013,24,F-PACE,Combustion,,SAJAA0145DNS97621,,,,"511,533 ",,Front End,100 EUR,0 EUR,44,Espoo,0 EUR
https://www.copart.fi/lotDetail/50558889,50558889,0 EUR,07.10.2025 10:30 GMT+3,2008,56,Prius,Hybrid,,JTDKB20U403478583,,,,"315,096 ",,Normal Wear,650 EUR,0 EUR,45,Pirkkala,0 EUR
https://www.copart.fi/lotDetail/50558890,50558890,0 EUR,07.10.2025 10:30 GMT+3,2009,5,300,Combustion,,WBAUX71040A378110,,,,"288,671 ",,Engine Breakdown,"1,900 EUR",0 EUR,46,Pirkkala,0 EUR
https://www.copart.fi/lotDetail/50558891,50558891,0 EUR,07.10.2025 10:30 GMT+3,2011,56,Yaris,Combustion,,VNKKH96300A178158,,,,"206,930 ",,Side,"1,100 EUR",0 EUR,47,Pirkkala,0 EUR
https://www.copart.fi/lotDetail/50558894,50558894,0 EUR,07.10.2025 10:30 GMT+3,2014,5,X4,Combustion,,WBAXX5108F0E89942,,,,"270,864 ",,Animal Damage,"6,100 EUR",0 EUR,48,Pirkkala,0 EUR
https://www.copart.fi/lotDetail/50558897,50558897,0 EUR,07.10.2025 10:30 GMT+3,2018,56,PROACE,Combustion,,YARVFAHHWGZ115025,,,,"179,363 ",,Front End,"5,300 EUR",0 EUR,49,Pirkkala,0 EUR
https://www.copart.fi/lotDetail/50553275,50553275,0 EUR,07.10.2025 10:30 GMT+3,2019,58,Passat,Combustion,,WVWZZZ3CZKE059192,,,,"399,041 ",,Side,825 EUR,0 EUR,50,Espoo,0 EUR
https://www.copart.fi/lotDetail/50558926,50558926,0 EUR,07.10.2025 10:30 GMT+3,2021,1100511,"TWIN 640 SLB 2,3 D Multijet",Combustion,,ZFA25000002R84195,,,,"125,699 ",,Front End,"13,600 EUR",0 EUR,51,Espoo,0 EUR
https://www.copart.fi/lotDetail/50558928,50558928,0 EUR,07.10.2025 10:30 GMT+3,2012,4,A6,Combustion,,WAUZZZ4G6CN172336,,,,"348,326 ",,Mechanical,"2,550 EUR",0 EUR,52,Espoo,0 EUR
https://www.copart.fi/lotDetail/50558930,50558930,0 EUR,07.10.2025 10:30 GMT+3,2011,22,i30,Combustion,,TMADB51CACJ213071,,,,"228,009 ",,Front End,90 EUR,0 EUR,53,Rauma,0 EUR
https://www.copart.fi/lotDetail/50555865,50555865,0 EUR,07.10.2025 10:30 GMT+3,2013,19,Focus,Combustion,,WF0LXXGCBLCT23002,,,,"180,503 ",,Front End,90 EUR,0 EUR,54,Espoo,0 EUR
https://www.copart.fi/lotDetail/50556738,50556738,0 EUR,07.10.2025 10:30 GMT+3,2012,42,508,Combustion,,VF38E5FVACL025076,,,,"198,971 ",,Side,90 EUR,0 EUR,55,Espoo,0 EUR
https://www.copart.fi/lotDetail/50557322,50557322,0 EUR,07.10.2025 10:30 GMT+3,2020,1100400,"Propain Tyee CF 29""",None,,LG2921027045,,,,,,All Over,10 EUR,0 EUR,56,Espoo,0 EUR
https://www.copart.fi/lotDetail/50558942,50558942,0 EUR,07.10.2025 10:30 GMT+3,2019,59,V90,Combustion,,YV1PWA8TCK1106159,,,,"175,159 ",,Side,"2,050 EUR",0 EUR,57,Pirkkala,0 EUR
https://www.copart.fi/lotDetail/50558944,50558944,0 EUR,07.10.2025 10:30 GMT+3,1999,40,Primera,Combustion,,SJNFCAP11U0336779,,,,"319,222 ",,Front End,100 EUR,0 EUR,58,Lieto,0 EUR
https://www.copart.fi/lotDetail/50558946,50558946,0 EUR,07.10.2025 10:30 GMT+3,2007,26,Ceed,Combustion,,U5YFF24227L058142,,,,"306,336 ",,Side,80 EUR,0 EUR,59,Lieto,0 EUR
https://www.copart.fi/lotDetail/50558948,50558948,0 EUR,07.10.2025 10:30 GMT+3,2011,40,Pathfinder,Combustion,,VSKJVWR51U0438774,,,,"389,697 ",,Mechanical,325 EUR,0 EUR,60,Pirkkala,0 EUR
https://www.copart.fi/lotDetail/50558956,50558956,0 EUR,07.10.2025 10:30 GMT+3,2001,41,Astra,Combustion,,W0L0TGF35Y2259695,,,,"256,493 ",,All Over,80 EUR,0 EUR,61,Jyväskylä,0 EUR
https://www.copart.fi/lotDetail/50555826,50555826,0 EUR,07.10.2025 10:30 GMT+3,2010,19,TRANSIT,Combustion,,WF0XXXTTFX9B02116,,,,"380,000 ",,Front End,80 EUR,0 EUR,62,Joensuu,0 EUR
https://www.copart.fi/lotDetail/50554650,50554650,0 EUR,07.10.2025 10:30 GMT+3,2016,41,VIVARO,Combustion,,W0L1F7118GV613849,,,,"177,708 ",,Normal Wear,"1,050 EUR",0 EUR,63,Pirkkala,0 EUR
https://www.copart.fi/lotDetail/50547098,50547098,0 EUR,07.10.2025 10:30 GMT+3,2018,5,300,Hybrid,,WBA8E11040K832550,,,,"149,674 ",,Rear End,125 EUR,0 EUR,64,Turku,0 EUR
https://www.copart.fi/lotDetail/50559017,50559017,0 EUR,07.10.2025 10:30 GMT+3,2015,5,X5,Hybrid,,WBAKT010900S41115,,,,"138,017 ",,Front End,"8,000 EUR",0 EUR,65,Turku,0 EUR
https://www.copart.fi/lotDetail/50559018,50559018,0 EUR,07.10.2025 10:30 GMT+3,2018,56,Aygo,Combustion,,JTDKGNEC90N374680,,,,"57,178 ",,Front End,"2,000 EUR",0 EUR,66,Turku,0 EUR
https://www.copart.fi/lotDetail/50559023,50559023,0 EUR,07.10.2025 10:30 GMT+3,2023,26,Rio,Combustion,,KNADB517GP6796976,,,,"21,790 ",,Front End,"1,550 EUR",0 EUR,67,Espoo,0 EUR
https://www.copart.fi/lotDetail/50559024,50559024,0 EUR,07.10.2025 10:30 GMT+3,2014,1100107,S,Electric,,5YJSA1S19EFP32427,,,,"175,004 ",,Front End,475 EUR,0 EUR,68,Espoo,0 EUR
https://www.copart.fi/lotDetail/50559025,50559025,0 EUR,07.10.2025 10:30 GMT+3,2020,26,Ceed,Hybrid,,U5YH581AGLL006004,,,,"94,514 ",,Front End,525 EUR,0 EUR,69,Espoo,0 EUR
https://www.copart.fi/lotDetail/50559026,50559026,0 EUR,07.10.2025 10:30 GMT+3,2019,5,300,Combustion,,WBA5P3101LFH39266,,,,"38,196 ",,Front End,"5,500 EUR",0 EUR,70,Espoo,0 EUR
https://www.copart.fi/lotDetail/50559027,50559027,0 EUR,07.10.2025 10:30 GMT+3,2024,42,2008,Combustion,,VR3USHNSSNJ870963,,,,"72,670 ",,All Over,525 EUR,0 EUR,71,Espoo,0 EUR
https://www.copart.fi/lotDetail/50543518,50543518,0 EUR,07.10.2025 10:30 GMT+3,2018,58,Golf,Combustion,,WVWZZZAUZJP525492,,,,"186,548 ",,Normal Wear,"7,100 EUR",0 EUR,72,Espoo,0 EUR
https://www.copart.fi/lotDetail/50558775,50558775,0 EUR,07.10.2025 10:30 GMT+3,2011,37,VITO,Combustion,,WDF63960123643330,,,,"234,638 ",,Animal Damage,225 EUR,0 EUR,73,Pirkkala,0 EUR
https://www.copart.fi/lotDetail/50552566,50552566,0 EUR,07.10.2025 10:30 GMT+3,2015,36,6,Combustion,,JMZGJF91671306514,,,,"200,611 ",,Animal Damage,"1,750 EUR",0 EUR,74,Pirkkala,0 EUR
https://www.copart.fi/lotDetail/50559275,50559275,0 EUR,07.10.2025 10:30 GMT+3,2012,37,B,Combustion,,WDD2462421N016662,,,,"159,113 ",,Front End,100 EUR,0 EUR,75,Pirkkala,0 EUR
https://www.copart.fi/lotDetail/50559278,50559278,0 EUR,07.10.2025 10:30 GMT+3,2009,5,500,Combustion,,WBANX31090C180561,,,,"303,689 ",,Side,325 EUR,0 EUR,76,Pirkkala,0 EUR
https://www.copart.fi/lotDetail/50559279,50559279,0 EUR,07.10.2025 10:30 GMT+3,2014,5,300,Combustion,,WBA3K31030F679716,,,,"409,554 ",,Front End,90 EUR,0 EUR,77,Pirkkala,0 EUR
https://www.copart.fi/lotDetail/50559281,50559281,0 EUR,07.10.2025 10:30 GMT+3,2002,59,S60,Combustion,,YV1RS59G732252128,,,,"212,037 ",,Side,675 EUR,0 EUR,78,Pirkkala,0 EUR
https://www.copart.fi/lotDetail/50559282,50559282,0 EUR,07.10.2025 10:30 GMT+3,2023,1100400,Specialized Como,Electric,,WSBC002031436T,,,,"3,524 ",,Side,400 EUR,0 EUR,79,Pirkkala,0 EUR
https://www.copart.fi/lotDetail/50559284,50559284,0 EUR,07.10.2025 10:30 GMT+3,2021,58,TRANSPORTER,Combustion,,WV1ZZZ7HZNH008091,,,,"156,000 ",,Animal Damage,"5,200 EUR",0 EUR,80,Pirkkala,0 EUR
https://www.copart.fi/lotDetail/50559285,50559285,0 EUR,07.10.2025 10:30 GMT+3,2021,1100400,CANYON SENDER CFR FMD,None,,M08601V20G0146,,,,1 ,,Vandalism,725 EUR,0 EUR,81,Pirkkala,0 EUR
https://www.copart.fi/lotDetail/50559292,50559292,0 EUR,07.10.2025 10:30 GMT+3,2011,58,Touran,Combustion,,WVGZZZ1TZCW062832,,,,"217,469 ",,Front End,90 EUR,0 EUR,82,Espoo,0 EUR
https://www.copart.fi/lotDetail/50559295,50559295,0 EUR,07.10.2025 10:30 GMT+3,2024,50,Fabia,Combustion,,TMBER6PJ9R4027989,,,,"25,129 ",,Front End,525 EUR,0 EUR,83,Pirkkala,0 EUR
https://www.copart.fi/lotDetail/50559311,50559311,0 EUR,07.10.2025 10:30 GMT+3,2014,16,DUCATO,Combustion,,ZFA25000002404438,,,,"206,805 ",,Undercarriage,"1,150 EUR",0 EUR,84,Espoo,0 EUR
https://www.copart.fi/lotDetail/50559321,50559321,0 EUR,07.10.2025 10:30 GMT+3,2011,5,500,Combustion,,WBAMW91060DV05873,,,,"264,049 ",,Side,"2,050 EUR",0 EUR,85,Pirkkala,0 EUR
https://www.copart.fi/lotDetail/50559322,50559322,0 EUR,07.10.2025 10:30 GMT+3,2011,26,Ceed,Combustion,,U5YHC816BBL185353,,,,"320,000 ",,Normal Wear,90 EUR,0 EUR,86,Pirkkala,0 EUR
https://www.copart.fi/lotDetail/50559323,50559323,0 EUR,07.10.2025 10:30 GMT+3,2008,40,Qashqai,Combustion,,SJNFBAJ10U1186099,,,,"179,681 ",,Front End,90 EUR,0 EUR,87,Pirkkala,0 EUR
https://www.copart.fi/lotDetail/50559324,50559324,0 EUR,07.10.2025 10:30 GMT+3,2020,58,Polo,Combustion,,WVWZZZAWZLU093853,,,,"55,256 ",,Side,100 EUR,0 EUR,88,Pirkkala,0 EUR
https://www.copart.fi/lotDetail/50559325,50559325,0 EUR,07.10.2025 10:30 GMT+3,2005,42,206,Combustion,,VF32K9HZA44802098,,,,"218,284 ",,Front End,90 EUR,0 EUR,89,Pirkkala,0 EUR
https://www.copart.fi/lotDetail/50559352,50559352,0 EUR,07.10.2025 10:30 GMT+3,1996,1100048,XJ,Combustion,,4BR-158208,,,,1 ,,All Over,300 EUR,0 EUR,90,Oulu,0 EUR
https://www.copart.fi/lotDetail/50559368,50559368,0 EUR,07.10.2025 10:30 GMT+3,2020,11,Jumper,Combustion,,VF7YG2MAU12L15456,,,,"67,051 ",,Top/Roof,"16,400 EUR",0 EUR,91,Espoo,0 EUR
https://www.copart.fi/lotDetail/50559369,50559369,0 EUR,07.10.2025 10:30 GMT+3,2011,19,TRANSIT,Combustion,,WF0XXXTTFXBS16328,,,,"215,312 ",,Normal Wear,225 EUR,0 EUR,92,Espoo,0 EUR
https://www.copart.fi/lotDetail/50559371,50559371,0 EUR,07.10.2025 10:30 GMT+3,2014,37,SPRINTER,Combustion,,WDB9066371S992101,,,,"257,000 ",,Burn,"2,500 EUR",0 EUR,93,Espoo,0 EUR
https://www.copart.fi/lotDetail/50559373,50559373,0 EUR,07.10.2025 10:30 GMT+3,2018,11,Berlingo,Combustion,,VF77JBHYMJJ684327,,,,"291,697 ",,Rear End,"1,050 EUR",0 EUR,94,Pirkkala,0 EUR
https://www.copart.fi/lotDetail/50559374,50559374,0 EUR,07.10.2025 10:30 GMT+3,2019,1100529,ZFORCE1000,Combustion,,LCELV1Z77K6000422,,,,"50,871 ",,All Over,"1,100 EUR",0 EUR,95,Espoo,0 EUR
https://www.copart.fi/lotDetail/50559375,50559375,0 EUR,07.10.2025 10:30 GMT+3,2010,58,CADDY,Combustion,,WV1ZZZ2KZAX133779,,,,"300,000 ",,Mechanical,100 EUR,0 EUR,96,Pirkkala,0 EUR
https://www.copart.fi/lotDetail/50559376,50559376,0 EUR,07.10.2025 10:30 GMT+3,2015,19,Focus,Combustion,,WF05XXGCC5FE34289,,,,"210,625 ",,Normal Wear,325 EUR,0 EUR,97,Pirkkala,0 EUR
https://www.copart.fi/lotDetail/50559379,50559379,0 EUR,07.10.2025 10:30 GMT+3,2015,42,508,Combustion,,VF38EBHZMFL034621,,,,"242,428 ",,Side,100 EUR,0 EUR,98,Pirkkala,0 EUR
https://www.copart.fi/lotDetail/50559381,50559381,0 EUR,07.10.2025 10:30 GMT+3,2022,5,500,Hybrid,,WBA31CG05PCL97440,,,,"75,780 ",,Front End,"7,100 EUR",0 EUR,99,Espoo,0 EUR
https://www.copart.fi/lotDetail/50559387,50559387,0 EUR,07.10.2025 10:30 GMT+3,2011,58,CADDY,Combustion,,WV1ZZZ2KZCX002028,,,,"287,837 ",,Mechanical,225 EUR,0 EUR,100,Turku,0 EUR
https://www.copart.fi/lotDetail/50559470,50559470,0 EUR,07.10.2025 10:30 GMT+3,2012,58,Touran,Combustion,,WVGZZZ1TZBW100063,,,,"185,030 ",,Side,100 EUR,0 EUR,101,Pirkkala,0 EUR
https://www.copart.fi/lotDetail/50559471,50559471,0 EUR,07.10.2025 10:30 GMT+3,2015,37,C,Hybrid,,WDD2052471F208892,,,,"240,516 ",,Mechanical,"5,100 EUR",0 EUR,102,Pirkkala,0 EUR
https://www.copart.fi/lotDetail/50559474,50559474,0 EUR,07.10.2025 10:30 GMT+3,2013,59,V60,Hybrid,,YV1GWAA50E1174482,,,,"319,632 ",,Normal Wear,150 EUR,0 EUR,103,Pirkkala,0 EUR
https://www.copart.fi/lotDetail/50559476,50559476,0 EUR,07.10.2025 10:30 GMT+3,2013,50,Octavia,Combustion,,TMBAD7NE3D0035241,,,,"265,399 ",,Mechanical,575 EUR,0 EUR,104,Oulu,0 EUR
https://www.copart.fi/lotDetail/50559478,50559478,0 EUR,07.10.2025 10:30 GMT+3,2009,19,Focus,Combustion,,WF0SXXGCDS9G47269,,,,"400,000 ",,Animal Damage,80 EUR,0 EUR,105,Kuopio,0 EUR
https://www.copart.fi/lotDetail/50559482,50559482,0 EUR,07.10.2025 10:30 GMT+3,2012,37,VITO,Combustion,,WDF63960313730507,,,,"441,044 ",,Animal Damage,425 EUR,0 EUR,106,Turku,0 EUR
https://www.copart.fi/lotDetail/50559484,50559484,0 EUR,07.10.2025 10:30 GMT+3,2003,58,Bora,Combustion,,WVWZZZ1JZ3W524534,,,,"219,189 ",,Animal Damage,100 EUR,0 EUR,107,Oulu,0 EUR
https://www.copart.fi/lotDetail/50559485,50559485,0 EUR,07.10.2025 10:30 GMT+3,2021,56,RAV4,Hybrid,,JTMD63FV80D504969,,,,"123,991 ",,Rear End,"11,700 EUR",0 EUR,108,Espoo,0 EUR
https://www.copart.fi/lotDetail/50559487,50559487,0 EUR,07.10.2025 10:30 GMT+3,2010,21,CR-Z,Combustion,,JHMZF1340BS202101,,,,"149,113 ",,Side,90 EUR,0 EUR,109,Espoo,0 EUR
https://www.copart.fi/lotDetail/50559488,50559488,0 EUR,07.10.2025 10:30 GMT+3,2007,56,Auris,Combustion,,SB1KC56E70F004807,,,,"140,642 ",,Front End,125 EUR,0 EUR,110,Espoo,0 EUR
https://www.copart.fi/lotDetail/50559489,50559489,0 EUR,07.10.2025 10:30 GMT+3,2013,19,TRANSIT,Combustion,,WF0YXXTTGYDU70272,,,,"317,821 ",,Side,100 EUR,0 EUR,111,Espoo,0 EUR
https://www.copart.fi/lotDetail/50559490,50559490,0 EUR,07.10.2025 10:30 GMT+3,2011,26,Sportage,Combustion,,U5YPC814ACL125659,,,,"249,121 ",,Mechanical,100 EUR,0 EUR,112,Espoo,0 EUR
https://www.copart.fi/lotDetail/50559521,50559521,0 EUR,07.10.2025 10:30 GMT+3,2007,19,TRANSIT,Combustion,,WF0XXXBDFX7J38339,,,,"330,216 ",,Front End,100 EUR,0 EUR,113,Pirkkala,0 EUR
https://www.copart.fi/lotDetail/50551957,50551957,0 EUR,07.10.2025 10:30 GMT+3,2007,26,Ceed,Combustion,,U5YFF24428L084984,,,,"191,562 ",,Mechanical,80 EUR,0 EUR,114,Lieto,0 EUR
https://www.copart.fi/lotDetail/50559523,50559523,0 EUR,07.10.2025 10:30 GMT+3,2001,1100400,Finntrailer 321,None,,YG901750X1X081242,,,,1 ,,All Over,20 EUR,0 EUR,115,Lieto,0 EUR
https://www.copart.fi/lotDetail/50559544,50559544,0 EUR,07.10.2025 10:30 GMT+3,2006,21,Civic,Combustion,,SHHFK27606U010017,,,,"322,891 ",,Side,100 EUR,0 EUR,116,Pori,0 EUR
https://www.copart.fi/lotDetail/50559754,50559754,0 EUR,07.10.2025 10:30 GMT+3,2005,21,Civic,Combustion,,JHMES55505S201696,,,,"169,336 ",,Side,80 EUR,0 EUR,117,Hämeenlinna,0 EUR
https://www.copart.fi/lotDetail/50545149,50545149,0 EUR,07.10.2025 10:30 GMT+3,2021,37,SPRINTER,Electric,,W1V9106331P403993,,,,"88,667 ",,Normal Wear,"6,200 EUR",0 EUR,118,Espoo,0 EUR
https://www.copart.fi/lotDetail/50559845,50559845,0 EUR,07.10.2025 10:30 GMT+3,2011,41,Insignia,Combustion,,W0LGS6EM3B1082227,,,,"316,806 ",,Mechanical,100 EUR,0 EUR,119,Espoo,0 EUR
https://www.copart.fi/lotDetail/50559846,50559846,0 EUR,07.10.2025 10:30 GMT+3,2020,56,Corolla,Hybrid,,SB1Z53BE10E060914,,,,"112,702 ",,Front End,"6,300 EUR",0 EUR,120,Espoo,0 EUR
https://www.copart.fi/lotDetail/50559863,50559863,0 EUR,07.10.2025 10:30 GMT+3,2005,48,9-3,Combustion,,YS3FB45S351047880,,,,"251,908 ",,Side,80 EUR,0 EUR,121,Turku,0 EUR
https://www.copart.fi/lotDetail/50560551,50560551,0 EUR,07.10.2025 10:30 GMT+3,2018,59,S90,Combustion,,LVYPSA8BDJP028312,,,,"387,367 ",,Mechanical,90 EUR,0 EUR,122,Espoo,0 EUR
https://www.copart.fi/lotDetail/50560558,50560558,0 EUR,07.10.2025 10:30 GMT+3,2020,30,Range Rover,Hybrid,,SALGA3BY3LA597832,,,,"107,940 ",,Front End,"5,200 EUR",0 EUR,123,Espoo,0 EUR
https://www.copart.fi/lotDetail/50561103,50561103,0 EUR,07.10.2025 10:30 GMT+3,2024,58,ID.4 ,Electric,,WVGZZZE29RP003152,,,,"22,101 ",,Front End,"7,700 EUR",0 EUR,124,Espoo,0 EUR
https://www.copart.fi/lotDetail/50561119,50561119,0 EUR,07.10.2025 10:30 GMT+3,2011,5,300,Combustion,,WBAPN7C50BA948456,,,,"250,640 ",,Mechanical,125 EUR,0 EUR,125,Espoo,0 EUR
https://www.copart.fi/lotDetail/50557796,50557796,0 EUR,07.10.2025 10:30 GMT+3,2024,37,SPRINTER,Combustion,,W1V3KCFZ8RP693749,,,,"56,912 ",,Front End,525 EUR,0 EUR,126,Espoo,0 EUR
https://www.copart.fi/lotDetail/50561140,50561140,0 EUR,07.10.2025 10:30 GMT+3,2017,45,Kadjar,Combustion,,VF1RFE00857106003,,,,"153,219 ",,Mechanical,90 EUR,0 EUR,127,Espoo,0 EUR
https://www.copart.fi/lotDetail/50556628,50556628,0 EUR,08.10.2025 10:30 GMT+3,2024,1111597,Geniesser,None,,PEELK12539,,,,64 ,,Normal Wear,400 EUR,0 EUR,1,Espoo,0 EUR
https://www.copart.fi/lotDetail/50556642,50556642,0 EUR,08.10.2025 10:30 GMT+3,2022,1100400,Prophete Graveler e MTB,Hybrid,,PEEJF03413,,,,,,Normal Wear,15 EUR,0 EUR,2,Espoo,0 EUR
https://www.copart.fi/lotDetail/50558837,50558837,0 EUR,08.10.2025 10:30 GMT+3,2009,26,Carnival,Combustion,,KNAMB754396288062,,,,"436,809 ",,Rear End,100 EUR,0 EUR,3,Espoo,0 EUR
https://www.copart.fi/lotDetail/50558839,50558839,0 EUR,08.10.2025 10:30 GMT+3,2009,58,Golf,Combustion,,WVWZZZ1KZ9W509238,,,,"203,354 ",,Side,90 EUR,0 EUR,4,Espoo,0 EUR
https://www.copart.fi/lotDetail/50558843,50558843,0 EUR,08.10.2025 10:30 GMT+3,2011,58,Golf,Combustion,,WVWZZZ1KZBM692991,,,,"237,349 ",,Mechanical,90 EUR,0 EUR,5,Espoo,0 EUR
https://www.copart.fi/lotDetail/50558847,50558847,0 EUR,08.10.2025 10:30 GMT+3,2013,50,Octavia,Combustion,,TMBGT61Z0D2092338,,,,"232,475 ",,Normal Wear,125 EUR,0 EUR,6,Espoo,0 EUR
https://www.copart.fi/lotDetail/50558854,50558854,0 EUR,08.10.2025 10:30 GMT+3,2011,5,300,Combustion,,WBAPG11020E853451,,,,"197,602 ",,Front End,100 EUR,0 EUR,7,Espoo,0 EUR
https://www.copart.fi/lotDetail/50553497,50553497,0 EUR,08.10.2025 10:30 GMT+3,2020,22,Tucson,Hybrid,,TMAJE811BMJ001647,,,,"84,561 ",,Front End,90 EUR,0 EUR,8,Espoo,0 EUR
https://www.copart.fi/lotDetail/50559348,50559348,0 EUR,08.10.2025 10:30 GMT+3,2011,56,HI-LUX,Combustion,,AHTFR29G507026888,,,,"428,552 ",,Animal Damage,125 EUR,0 EUR,9,Oulu,0 EUR
https://www.copart.fi/lotDetail/50559445,50559445,0 EUR,08.10.2025 10:30 GMT+3,2010,58,Golf,Combustion,,WVWZZZ1KZAM703095,,,,"228,841 ",,Side,100 EUR,0 EUR,10,Espoo,0 EUR
https://www.copart.fi/lotDetail/50559472,50559472,0 EUR,08.10.2025 10:30 GMT+3,2022,56,Yaris,Hybrid,,YARKBAC3800067245,,,,"55,988 ",,Rear End,"9,900 EUR",0 EUR,11,Pirkkala,0 EUR
https://www.copart.fi/lotDetail/50559495,50559495,0 EUR,08.10.2025 10:30 GMT+3,2000,1100496,L + Yamaha F50HETL 2021,Combustion,,BUSC0022H900,,,,1 ,,Hull Damage,"2,450 EUR",0 EUR,12,Porvoo,0 EUR
https://www.copart.fi/lotDetail/50559508,50559508,0 EUR,08.10.2025 10:30 GMT+3,1955,1100433,omavalmiste puuvene,Combustion,,N/A,,,,"2,216 ",,Normal Wear,20 EUR,0 EUR,13,MUUALLA,0 EUR
https://www.copart.fi/lotDetail/50559520,50559520,0 EUR,08.10.2025 10:30 GMT+3,2006,59,V70,Combustion,,YV1SW595772628127,,,,"290,009 ",,Animal Damage,100 EUR,0 EUR,14,Pirkkala,0 EUR
https://www.copart.fi/lotDetail/50559835,50559835,0 EUR,08.10.2025 10:30 GMT+3,2012,9,Cruze,Combustion,,KL1JF69E9CK559388,,,,"204,769 ",,Mechanical,90 EUR,0 EUR,15,Pirkkala,0 EUR
https://www.copart.fi/lotDetail/50559837,50559837,0 EUR,08.10.2025 10:30 GMT+3,2013,4,Q5,Combustion,,WAUZZZ8RXEA024664,,,,"283,066 ",,Normal Wear,"7,100 EUR",0 EUR,16,Pirkkala,0 EUR
https://www.copart.fi/lotDetail/50559851,50559851,0 EUR,08.10.2025 10:30 GMT+3,2008,16,Punto,Combustion,,ZFA19900001433536,,,,"257,942 ",,Front End,100 EUR,0 EUR,17,Pietarsaari,0 EUR
https://www.copart.fi/lotDetail/50559854,50559854,0 EUR,08.10.2025 10:30 GMT+3,2009,15,Journey,Combustion,,3D4GGH7YX9T566237,,,,"315,000 ",,Front End,150 EUR,0 EUR,18,Kauhava,0 EUR
https://www.copart.fi/lotDetail/50559856,50559856,0 EUR,08.10.2025 10:30 GMT+3,2016,26,Ceed,Combustion,,U5YHN816GGL197626,,,,"255,993 ",,Animal Damage,80 EUR,0 EUR,19,Turku,0 EUR
https://www.copart.fi/lotDetail/50559857,50559857,0 EUR,08.10.2025 10:30 GMT+3,2011,19,Focus,Combustion,,WF0KXXGCBKBD06732,,,,"321,895 ",,Animal Damage,90 EUR,0 EUR,20,Närpiö,0 EUR
https://www.copart.fi/lotDetail/50559858,50559858,0 EUR,08.10.2025 10:30 GMT+3,2018,19,TRANSIT,Combustion,,WF0XXXTTGXHE62121,,,,"188,067 ",,Front End,90 EUR,0 EUR,21,Pirkkala,0 EUR
https://www.copart.fi/lotDetail/50559859,50559859,0 EUR,08.10.2025 10:30 GMT+3,2013,40,Qashqai,Combustion,,SJNFENJ10U2823719,,,,"409,165 ",,Front End,90 EUR,0 EUR,22,Pirkkala,0 EUR
https://www.copart.fi/lotDetail/50559860,50559860,0 EUR,08.10.2025 10:30 GMT+3,2009,37,R (W251),Combustion,,WDC2511221A093510,,,,"367,770 ",,Front End,100 EUR,0 EUR,23,Pirkkala,0 EUR
https://www.copart.fi/lotDetail/50559861,50559861,0 EUR,08.10.2025 10:30 GMT+3,2015,40,Qashqai,Combustion,,SJNFEAJ11U1323728,,,,"150,177 ",,Engine Breakdown,"2,900 EUR",0 EUR,24,Pirkkala,0 EUR
https://www.copart.fi/lotDetail/50559862,50559862,0 EUR,08.10.2025 10:30 GMT+3,2015,50,Octavia,Combustion,,TMBJK7NE8F0133335,,,,"291,816 ",,Rear End,"1,550 EUR",0 EUR,25,Pirkkala,0 EUR
https://www.copart.fi/lotDetail/50559868,50559868,0 EUR,08.10.2025 10:30 GMT+3,2006,19,Mondeo,Combustion,,WF05XXGBB56S66816,,,,"257,925 ",,Side,100 EUR,0 EUR,26,Pirkkala,0 EUR
https://www.copart.fi/lotDetail/50559889,50559889,0 EUR,08.10.2025 10:30 GMT+3,1999,1100400,Heppu 753,None,,YG9753PLLXE008355,,,,1 ,,All Over,25 EUR,0 EUR,28,Kajaani,0 EUR
https://www.copart.fi/lotDetail/50559930,50559930,0 EUR,08.10.2025 10:30 GMT+3,2018,50,Octavia,Combustion,,TMBAK7NE0J0237052,,,,"222,407 ",,Front End,"3,050 EUR",0 EUR,29,Pirkkala,0 EUR
https://www.copart.fi/lotDetail/50559976,50559976,0 EUR,08.10.2025 10:30 GMT+3,2009,15,Journey,Combustion,,3D4GGH7Y09T578218,,,,"221,688 ",,Mechanical,100 EUR,0 EUR,30,Pirkkala,0 EUR
https://www.copart.fi/lotDetail/50559978,50559978,0 EUR,08.10.2025 10:30 GMT+3,2013,59,V40,Combustion,,YV1MV5150E2109051,,,,"216,054 ",,Front End,100 EUR,0 EUR,31,Pirkkala,0 EUR
https://www.copart.fi/lotDetail/50559980,50559980,0 EUR,08.10.2025 10:30 GMT+3,2015,42,308,Combustion,,VF3L45GTHFS097847,,,,"164,340 ",,Rear End,100 EUR,0 EUR,32,Pirkkala,0 EUR
https://www.copart.fi/lotDetail/50559981,50559981,0 EUR,08.10.2025 10:30 GMT+3,2025,1100436,Sportsman 570 EPS,Combustion,,TAPSHS577RJ105887,,,,"2,839 ",,Front End,"1,950 EUR",0 EUR,33,Pirkkala,0 EUR
https://www.copart.fi/lotDetail/50559990,50559990,0 EUR,08.10.2025 10:30 GMT+3,2011,5,K1600GTL,Combustion,,WB1060200BZZ13977,,,,"87,838 ",,All Over,225 EUR,0 EUR,34,Turku,0 EUR
https://www.copart.fi/lotDetail/50559993,50559993,0 EUR,08.10.2025 10:30 GMT+3,2024,1100529,CFMoto 625,Combustion,,LCELDUZP9R6000341,,,,57 ,,Water/Flood,"2,100 EUR",0 EUR,35,Turku,0 EUR
https://www.copart.fi/lotDetail/50559994,50559994,0 EUR,08.10.2025 10:30 GMT+3,2018,59,XC60,Hybrid,,YV1UZBMUDK1252880,,,,"132,000 ",,Front End,"3,550 EUR",0 EUR,36,Turku,0 EUR
https://www.copart.fi/lotDetail/50559995,50559995,0 EUR,08.10.2025 10:30 GMT+3,2005,5,500,Combustion,,WBANC71090B655862,,,,"219,651 ",,Animal Damage,90 EUR,0 EUR,37,Pirkkala,0 EUR
https://www.copart.fi/lotDetail/50559996,50559996,0 EUR,08.10.2025 10:30 GMT+3,2016,4,A6,Combustion,,WAUZZZ4G2GN118635,,,,"285,606 ",,All Over,80 EUR,0 EUR,38,Turku,0 EUR
https://www.copart.fi/lotDetail/50559997,50559997,0 EUR,08.10.2025 10:30 GMT+3,2005,4,A4,Combustion,,WAUZZZ8EX5A524465,,,,"251,010 ",,Front End,225 EUR,0 EUR,39,Pirkkala,0 EUR
https://www.copart.fi/lotDetail/50559998,50559998,0 EUR,08.10.2025 10:30 GMT+3,2013,41,Ampera,Hybrid,,1G0R86E47CU118927,,,,"129,063 ",,Side,550 EUR,0 EUR,40,Espoo,0 EUR
https://www.copart.fi/lotDetail/50559999,50559999,0 EUR,08.10.2025 10:30 GMT+3,2013,58,Golf,Combustion,,WVWZZZ1KZDW539693,,,,"267,615 ",,Normal Wear,100 EUR,0 EUR,41,Pirkkala,0 EUR
https://www.copart.fi/lotDetail/50560000,50560000,0 EUR,08.10.2025 10:30 GMT+3,2010,21,Civic,Combustion,,NLAFD7670AW040116,,,,"165,233 ",,Rear End,100 EUR,0 EUR,42,Pirkkala,0 EUR
https://www.copart.fi/lotDetail/50560001,50560001,0 EUR,08.10.2025 10:30 GMT+3,2006,56,RAV4,Combustion,,JTMBA31V606023538,,,,"210,291 ",,Front End,100 EUR,0 EUR,43,Pirkkala,0 EUR
https://www.copart.fi/lotDetail/50560003,50560003,0 EUR,08.10.2025 10:30 GMT+3,2022,1100197,50,Combustion,,ZFMFA060MNM004240,,,,,,Side,225 EUR,0 EUR,44,Pirkkala,0 EUR
https://www.copart.fi/lotDetail/50560007,50560007,0 EUR,08.10.2025 10:30 GMT+3,2018,26,Soul,Combustion,,KNAJP812AJ7906723,,,,"36,307 ",,Animal Damage,825 EUR,0 EUR,45,Pirkkala,0 EUR
https://www.copart.fi/lotDetail/50560009,50560009,0 EUR,08.10.2025 10:30 GMT+3,2004,48,9-3,Combustion,,YS3FH45Y251003467,,,,"224,530 ",,Front End,80 EUR,0 EUR,46,Oulu,0 EUR
https://www.copart.fi/lotDetail/50560010,50560010,0 EUR,08.10.2025 10:30 GMT+3,2014,42,3008,Combustion,,VF30U9HD8DS215796,,,,"193,165 ",,Front End,90 EUR,0 EUR,47,Oulu,0 EUR
https://www.copart.fi/lotDetail/50560015,50560015,0 EUR,08.10.2025 10:30 GMT+3,2006,56,Yaris,Combustion,,VNKKL96330A053038,,,,"276,400 ",,All Over,90 EUR,0 EUR,48,Kajaani,0 EUR
https://www.copart.fi/lotDetail/50560025,50560025,0 EUR,08.10.2025 10:30 GMT+3,2013,58,TRANSPORTER,Combustion,,WV1ZZZ7HZEH038307,,,,"167,629 ",,Mechanical,100 EUR,0 EUR,49,Pirkkala,0 EUR
https://www.copart.fi/lotDetail/50560028,50560028,0 EUR,08.10.2025 10:30 GMT+3,2007,59,Xc70,Combustion,,YV1SZ714471273453,,,,"365,000 ",,Burn - Engine,80 EUR,0 EUR,50,Joensuu,0 EUR
https://www.copart.fi/lotDetail/50559869,50559869,0 EUR,08.10.2025 10:30 GMT+3,2012,19,Focus,Combustion,,X9FKXXEEBKCR66655,,,,"200,902 ",,Front End,90 EUR,0 EUR,51,Pirkkala,0 EUR
https://www.copart.fi/lotDetail/50560005,50560005,0 EUR,08.10.2025 10:30 GMT+3,2021,30,Discovery Sport,Hybrid,,SALCA2BT3MH889342,,,,"92,676 ",,Side,"5,700 EUR",0 EUR,52,Pirkkala,0 EUR
https://www.copart.fi/lotDetail/50560083,50560083,0 EUR,08.10.2025 10:30 GMT+3,1,1100400,Suvi Terva 420,None,,N/A,,,,1 ,,Vandalism,30 EUR,0 EUR,53,Hämeenlinna,0 EUR
https://www.copart.fi/lotDetail/50560152,50560152,0 EUR,08.10.2025 10:30 GMT+3,2007,4,TT,Combustion,,TRUZZZ8J781022569,,,,"185,556 ",,Front End,90 EUR,0 EUR,54,Espoo,0 EUR
https://www.copart.fi/lotDetail/50560153,50560153,0 EUR,08.10.2025 10:30 GMT+3,2015,39,Outlander,Hybrid,,JMBXDGG2WGZ001802,,,,"180,871 ",,Front End,150 EUR,0 EUR,55,Espoo,0 EUR
https://www.copart.fi/lotDetail/50560154,50560154,0 EUR,08.10.2025 10:30 GMT+3,2021,58,ID.3 ,Electric,,WVWZZZE1ZMP061938,,,,"94,042 ",,Undercarriage,"4,500 EUR",0 EUR,56,Espoo,0 EUR
https://www.copart.fi/lotDetail/50560155,50560155,0 EUR,08.10.2025 10:30 GMT+3,2018,5,500,Hybrid,,WBAJA9105KB305339,,,,"250,754 ",,Undercarriage,90 EUR,0 EUR,57,Espoo,0 EUR
https://www.copart.fi/lotDetail/50560156,50560156,0 EUR,08.10.2025 10:30 GMT+3,2007,37,CLS,Combustion,,WDD2193221A078629,,,,"359,781 ",,Normal Wear,100 EUR,0 EUR,58,Espoo,0 EUR
https://www.copart.fi/lotDetail/50560157,50560157,0 EUR,08.10.2025 10:30 GMT+3,2019,45,TRAFIC,Combustion,,VF1FL000362923876,,,,"146,702 ",,Burn,80 EUR,0 EUR,59,Turku,0 EUR
https://www.copart.fi/lotDetail/50560158,50560158,0 EUR,08.10.2025 10:30 GMT+3,2014,22,i20,Combustion,,NLHBA51BAEZ274787,,,,"237,344 ",,Front End,80 EUR,0 EUR,60,Turku,0 EUR
https://www.copart.fi/lotDetail/50560164,50560164,0 EUR,08.10.2025 10:30 GMT+3,2008,37,C,Combustion,,WDD2040891F094075,,,,"228,097 ",,All Over,80 EUR,0 EUR,61,Turku,0 EUR
https://www.copart.fi/lotDetail/50560166,50560166,0 EUR,08.10.2025 10:30 GMT+3,2016,5,300,Combustion,,WBA8L11010K845584,,,,"291,607 ",,Front End,90 EUR,0 EUR,62,Espoo,0 EUR
https://www.copart.fi/lotDetail/50560167,50560167,0 EUR,08.10.2025 10:30 GMT+3,2013,5,500,Combustion,,WBA5D71080D060857,,,,"283,014 ",,Front End,"3,050 EUR",0 EUR,63,Espoo,0 EUR
https://www.copart.fi/lotDetail/50560173,50560173,0 EUR,08.10.2025 10:30 GMT+3,2012,58,CADDY,Combustion,,WV1ZZZ2KZDX019940,,,,"386,296 ",,Front End,90 EUR,0 EUR,64,Espoo,0 EUR
https://www.copart.fi/lotDetail/50560177,50560177,0 EUR,08.10.2025 10:30 GMT+3,2023,22,i20,Combustion,,NLHBN51G5RZ383016,,,,"17,443 ",,Rear End,125 EUR,0 EUR,65,Espoo,0 EUR
https://www.copart.fi/lotDetail/50560180,50560180,0 EUR,08.10.2025 10:30 GMT+3,2021,5,300,Hybrid,,WBA5P9104MFK85726,,,,"93,123 ",,Front End,90 EUR,0 EUR,66,Espoo,0 EUR
https://www.copart.fi/lotDetail/50560181,50560181,0 EUR,08.10.2025 10:30 GMT+3,2006,56,Aygo,Combustion,,JTDKG10C00N069780,,,,"211,133 ",,Rear End,90 EUR,0 EUR,67,Espoo,0 EUR
https://www.copart.fi/lotDetail/50560182,50560182,0 EUR,08.10.2025 10:30 GMT+3,2003,37,E,Combustion,,WDB2110611A394197,,,,"263,162 ",,Front End,100 EUR,0 EUR,68,Espoo,0 EUR
https://www.copart.fi/lotDetail/50560183,50560183,0 EUR,08.10.2025 10:30 GMT+3,2008,40,Note,Combustion,,SJNFAAE11U1305564,,,,"275,475 ",,Front End,90 EUR,0 EUR,69,Espoo,0 EUR
https://www.copart.fi/lotDetail/50560184,50560184,0 EUR,08.10.2025 10:30 GMT+3,2021,4,A4,Hybrid,,WAUZZZF44MA044947,,,,"107,705 ",,Rear End,"5,400 EUR",0 EUR,70,Espoo,0 EUR
https://www.copart.fi/lotDetail/50560185,50560185,0 EUR,08.10.2025 10:30 GMT+3,2011,1100269,Swan 50,Combustion,,LBBB57108BB735151,,,,"6,253 ",,Vandalism,10 EUR,0 EUR,71,Espoo,0 EUR
https://www.copart.fi/lotDetail/50560436,50560436,0 EUR,08.10.2025 10:30 GMT+3,2013,50,Octavia,Combustion,,TMBAJ7NE2D0035658,,,,"282,999 ",,Normal Wear,100 EUR,0 EUR,72,Pirkkala,0 EUR
https://www.copart.fi/lotDetail/50560447,50560447,0 EUR,08.10.2025 10:30 GMT+3,2008,19,Mondeo,Combustion,,WF0EXXGBBE7J12681,,,,"312,809 ",,Front End,80 EUR,0 EUR,73,Jyväskylä,0 EUR
https://www.copart.fi/lotDetail/50560466,50560466,0 EUR,08.10.2025 10:30 GMT+3,2015,19,TRANSIT,Combustion,,WF0YXXTTGYFU83659,,,,"254,609 ",,Front End,100 EUR,0 EUR,74,Pirkkala,0 EUR
https://www.copart.fi/lotDetail/50560469,50560469,0 EUR,08.10.2025 10:30 GMT+3,2012,37,C,Combustion,,WDD2042001G003956,,,,"353,077 ",,Front End,90 EUR,0 EUR,75,Pirkkala,0 EUR
https://www.copart.fi/lotDetail/50560471,50560471,0 EUR,08.10.2025 10:30 GMT+3,2018,1100469,50,Combustion,,VTPMRT32C00J01224,,,,1 ,,Front End,325 EUR,0 EUR,76,Pirkkala,0 EUR
https://www.copart.fi/lotDetail/50560472,50560472,0 EUR,08.10.2025 10:30 GMT+3,2025,26,NIRO,Hybrid,,KNACP81EGR5180177,,,,"15,148 ",,Rear End,"5,100 EUR",0 EUR,77,Pirkkala,0 EUR
https://www.copart.fi/lotDetail/50560537,50560537,0 EUR,08.10.2025 10:30 GMT+3,2012,40,Qashqai,Combustion,,SJNFAAJ10U2425493,,,,"228,813 ",,Front End,90 EUR,0 EUR,78,Oulu,0 EUR
https://www.copart.fi/lotDetail/50560539,50560539,0 EUR,08.10.2025 10:30 GMT+3,2008,59,V70,Combustion,,YV1BW694091067989,,,,"463,273 ",,Burn,80 EUR,0 EUR,79,Oulu,0 EUR
https://www.copart.fi/lotDetail/50560541,50560541,0 EUR,08.10.2025 10:30 GMT+3,2009,53,Forester,Combustion,,JF1SHDLZ39G038289,,,,"302,446 ",,Engine Breakdown,80 EUR,0 EUR,80,Rovaniemi,0 EUR
https://www.copart.fi/lotDetail/50560546,50560546,0 EUR,08.10.2025 10:30 GMT+3,2007,56,Corolla,Combustion,,NMTEA16R30R076290,,,,"363,860 ",,Mechanical,80 EUR,0 EUR,81,Joensuu,0 EUR
https://www.copart.fi/lotDetail/50560547,50560547,0 EUR,08.10.2025 10:30 GMT+3,2013,59,V40,Combustion,,YV1MV8481E2088144,,,,"233,485 ",,Animal Damage,80 EUR,0 EUR,82,Oulu,0 EUR
https://www.copart.fi/lotDetail/50560552,50560552,0 EUR,08.10.2025 10:30 GMT+3,2006,5,500,Combustion,,WBANC91070CU78296,,,,"450,000 ",,Normal Wear,"1,550 EUR",0 EUR,83,Espoo,0 EUR
https://www.copart.fi/lotDetail/50560553,50560553,0 EUR,08.10.2025 10:30 GMT+3,2003,56,Avensis,Combustion,,SB1EJ56L90E012933,,,,"280,927 ",,Corrosion,80 EUR,0 EUR,84,Turku,0 EUR
https://www.copart.fi/lotDetail/50560563,50560563,0 EUR,08.10.2025 10:30 GMT+3,2021,49,Mii,Electric,,VSSZZZAAZMD504025,,,,"50,000 ",,Side,100 EUR,0 EUR,85,Espoo,0 EUR
https://www.copart.fi/lotDetail/50560570,50560570,0 EUR,08.10.2025 10:30 GMT+3,2013,42,BOXER,Combustion,,VF3YCTMFB12189697,,,,"216,626 ",,Animal Damage,90 EUR,0 EUR,86,Pirkkala,0 EUR
https://www.copart.fi/lotDetail/50560571,50560571,0 EUR,08.10.2025 10:30 GMT+3,2017,1100436,Sportsman X2 570,Combustion,,TAPSWS574HJ017433,,,,"3,040 ",,Rear End,850 EUR,0 EUR,87,Pirkkala,0 EUR
https://www.copart.fi/lotDetail/50560572,50560572,0 EUR,08.10.2025 10:30 GMT+3,2008,58,Golf,Combustion,,WVWZZZ1KZ8W172972,,,,"36,368 ",,Front End,525 EUR,0 EUR,88,Pirkkala,0 EUR
https://www.copart.fi/lotDetail/50560575,50560575,0 EUR,08.10.2025 10:30 GMT+3,2012,45,Scenic,Combustion,,VF1JZ1VB645825816,,,,"301,254 ",,Engine Breakdown,90 EUR,0 EUR,89,Pirkkala,0 EUR
https://www.copart.fi/lotDetail/50556844,50556844,0 EUR,08.10.2025 10:30 GMT+3,2004,37,E,Combustion,,WDB2112261A432866,,,,"473,940 ",,Minor Dents/Scratches,100 EUR,0 EUR,90,Espoo,0 EUR
https://www.copart.fi/lotDetail/50556950,50556950,0 EUR,08.10.2025 10:30 GMT+3,2022,71,D-MAX,Combustion,,MPATFS87JMT017535,,,,,,All Over,90 EUR,0 EUR,91,Espoo,0 EUR
https://www.copart.fi/lotDetail/50556749,50556749,0 EUR,08.10.2025 10:30 GMT+3,2007,56,Prius,Hybrid,,JTDKB20UX07688727,,,,"214,108 ",,Front End,100 EUR,0 EUR,92,Espoo,0 EUR
https://www.copart.fi/lotDetail/50560590,50560590,0 EUR,08.10.2025 10:30 GMT+3,2014,49,Alhambra,Combustion,,VSSZZZ7NZFV508478,,,,"358,887 ",,Mechanical,90 EUR,0 EUR,93,Oulu,0 EUR
https://www.copart.fi/lotDetail/50560591,50560591,0 EUR,08.10.2025 10:30 GMT+3,2017,39,Outlander,Hybrid,,JMBXDGG2WHZ002017,,,,"222,351 ",,Rear End,90 EUR,0 EUR,94,Pirkkala,0 EUR
https://www.copart.fi/lotDetail/50560592,50560592,0 EUR,08.10.2025 10:30 GMT+3,1990,42,J5 2.5D - BURSTNER,Combustion,,VF3280G5200635858,,,,"201,302 ",,Mechanical,50 EUR,0 EUR,95,Oulu,0 EUR
https://www.copart.fi/lotDetail/50560593,50560593,0 EUR,08.10.2025 10:30 GMT+3,2006,40,Primastar,Combustion,,VSKF4BCB6UY582005,,,,"443,671 ",,Normal Wear,90 EUR,0 EUR,96,Pirkkala,0 EUR
https://www.copart.fi/lotDetail/50560594,50560594,0 EUR,08.10.2025 10:30 GMT+3,2016,42,BOXER,Combustion,,VF3YCSMFB12975730,,,,"134,080 ",,Front End,100 EUR,0 EUR,97,Espoo,0 EUR
https://www.copart.fi/lotDetail/50560595,50560595,0 EUR,08.10.2025 10:30 GMT+3,2012,19,Mondeo,Combustion,,WF0DXXGBBDCA79238,,,,"470,428 ",,Engine Breakdown,90 EUR,0 EUR,98,Hämeenlinna,0 EUR
https://www.copart.fi/lotDetail/50560596,50560596,0 EUR,08.10.2025 10:30 GMT+3,2014,19,Focus,Combustion,,WF0LXXGCBLET46253,,,,"184,011 ",,Engine Breakdown,90 EUR,0 EUR,99,Pirkkala,0 EUR
https://www.copart.fi/lotDetail/50560597,50560597,0 EUR,08.10.2025 10:30 GMT+3,2007,40,Primera,Combustion,,SJNFBAP12U2307503,,,,"206,771 ",,Front End,90 EUR,0 EUR,100,Espoo,0 EUR
https://www.copart.fi/lotDetail/50560598,50560598,0 EUR,08.10.2025 10:30 GMT+3,2006,16,Punto,Combustion,,ZFA18800000872567,,,,"191,639 ",,Front End,90 EUR,0 EUR,101,Espoo,0 EUR
https://www.copart.fi/lotDetail/50560600,50560600,0 EUR,08.10.2025 10:30 GMT+3,2008,56,Aygo,Combustion,,JTDJG10C50N255102,,,,"206,429 ",,Corrosion,90 EUR,0 EUR,102,Pirkkala,0 EUR
https://www.copart.fi/lotDetail/50560606,50560606,0 EUR,08.10.2025 10:30 GMT+3,2006,59,V50,Combustion,,YV1MW214262209099,,,,"197,888 ",,Animal Damage,80 EUR,0 EUR,103,Oulu,0 EUR
https://www.copart.fi/lotDetail/50556934,50556934,0 EUR,08.10.2025 10:30 GMT+3,2011,59,S40,Combustion,,YV1MS84F1B2547477,,,,"65,976 ",,All Over,90 EUR,0 EUR,104,Turku,0 EUR
https://www.copart.fi/lotDetail/50560610,50560610,0 EUR,08.10.2025 10:30 GMT+3,2006,54,Grand Vitara,Combustion,,JSAJTD44V00201474,,,,"466,902 ",,Frame Damage Reported,80 EUR,0 EUR,105,Oulu,0 EUR
https://www.copart.fi/lotDetail/50560613,50560613,0 EUR,08.10.2025 10:30 GMT+3,2010,19,Focus,Combustion,,WF0PXXGCDP9E89985,,,,"316,763 ",,Mechanical,80 EUR,0 EUR,106,Porvoo,0 EUR
https://www.copart.fi/lotDetail/50560617,50560617,0 EUR,08.10.2025 10:30 GMT+3,2004,37,C,Combustion,,WDB2030081A708286,,,,"429,898 ",,Mechanical,90 EUR,0 EUR,107,Espoo,0 EUR
https://www.copart.fi/lotDetail/50560621,50560621,0 EUR,08.10.2025 10:30 GMT+3,2016,19,Galaxy,Combustion,,WF0KXXWPCKFM60494,,,,"321,731 ",,Normal Wear,90 EUR,0 EUR,108,Espoo,0 EUR
https://www.copart.fi/lotDetail/50560626,50560626,0 EUR,08.10.2025 10:30 GMT+3,2012,40,Qashqai,Combustion,,SJNJBAJ10U7106055,,,,"216,024 ",,Mechanical,475 EUR,0 EUR,109,Espoo,0 EUR
https://www.copart.fi/lotDetail/50560632,50560632,0 EUR,08.10.2025 10:30 GMT+3,2013,59,S60,Combustion,,YV1FS738DE1300542,,,,"234,833 ",,Engine Breakdown,80 EUR,0 EUR,110,Oulu,0 EUR
https://www.copart.fi/lotDetail/50560633,50560633,0 EUR,08.10.2025 10:30 GMT+3,2002,41,VIVARO,Combustion,,W0LF7BCB62V624967,,,,"388,916 ",,Mechanical,90 EUR,0 EUR,111,Espoo,0 EUR
https://www.copart.fi/lotDetail/50560637,50560637,0 EUR,08.10.2025 10:30 GMT+3,2009,4,A3,Combustion,,WAUZZZ8P3AA043713,,,,"334,003 ",,Front End,80 EUR,0 EUR,112,Turku,0 EUR
https://www.copart.fi/lotDetail/50560639,50560639,0 EUR,08.10.2025 10:30 GMT+3,2005,16,Stilo,Combustion,,ZFA19200000593120,,,,"182,935 ",,Front End,80 EUR,0 EUR,113,Turku,0 EUR
https://www.copart.fi/lotDetail/50560640,50560640,0 EUR,08.10.2025 10:30 GMT+3,2005,56,Avensis,Combustion,,SB1EJ56L00E059039,,,,"289,670 ",,Mechanical,80 EUR,0 EUR,114,Turku,0 EUR
https://www.copart.fi/lotDetail/50560641,50560641,0 EUR,08.10.2025 10:30 GMT+3,2014,42,308,Combustion,,VF3LRHNYHES205398,,,,"184,610 ",,Mechanical,80 EUR,0 EUR,115,Turku,0 EUR
https://www.copart.fi/lotDetail/50560645,50560645,0 EUR,08.10.2025 10:30 GMT+3,2009,56,Prius,Combustion,,JTDKB20U403518211,,,,"310,356 ",,Front End,90 EUR,0 EUR,116,Espoo,0 EUR
https://www.copart.fi/lotDetail/50560647,50560647,0 EUR,08.10.2025 10:30 GMT+3,2007,54,Swift,Combustion,,JSAEZD11S00401406,,,,"134,655 ",,Side,90 EUR,0 EUR,117,Espoo,0 EUR
https://www.copart.fi/lotDetail/50560651,50560651,0 EUR,08.10.2025 10:30 GMT+3,2019,19,Focus,Combustion,,WF0PXXGCHPKD82412,,,,"166,546 ",,Front End,90 EUR,0 EUR,118,Espoo,0 EUR
https://www.copart.fi/lotDetail/50560658,50560658,0 EUR,08.10.2025 10:30 GMT+3,2017,19,Fiesta,Combustion,,WF0JXXGAHJHR62596,,,,"101,329 ",,Mechanical,325 EUR,0 EUR,119,Oulu,0 EUR
https://www.copart.fi/lotDetail/50560659,50560659,0 EUR,08.10.2025 10:30 GMT+3,2009,54,Sx4,Combustion,,TSMEYB21S00400605,,,,"224,119 ",,Mechanical,80 EUR,0 EUR,120,Kuopio,0 EUR
https://www.copart.fi/lotDetail/50560661,50560661,0 EUR,08.10.2025 10:30 GMT+3,2002,41,VIVARO,Combustion,,W0LF7BBA52V612267,,,,"300,000 ",,Burn,80 EUR,0 EUR,121,Kuusamo,0 EUR
https://www.copart.fi/lotDetail/50560662,50560662,0 EUR,08.10.2025 10:30 GMT+3,2005,11,C3,Combustion,,VF7FCHFXC28562064,,,,"160,634 ",,Rear End,80 EUR,0 EUR,122,Joensuu,0 EUR
https://www.copart.fi/lotDetail/50560665,50560665,0 EUR,08.10.2025 10:30 GMT+3,2008,11,C5,Combustion,,VF7RDRFJF54022757,,,,"220,213 ",,Mechanical,90 EUR,0 EUR,123,Pori,0 EUR
https://www.copart.fi/lotDetail/50560666,50560666,0 EUR,08.10.2025 10:30 GMT+3,2009,4,A6,Combustion,,WAUZZZ4F69N035249,,,,"421,700 ",,Minor Dents/Scratches,100 EUR,0 EUR,124,Sastamala,0 EUR
https://www.copart.fi/lotDetail/50561009,50561009,0 EUR,08.10.2025 10:30 GMT+3,2003,1100049,ZX-6R,Combustion,,JKBZX636BBA020326,,,,"80,470 ",,Vandalism,20 EUR,0 EUR,125,Oulu,0 EUR
https://www.copart.fi/lotDetail/50561114,50561114,0 EUR,08.10.2025 10:30 GMT+3,2006,5,300,Combustion,,WBAVA51070KR97742,,,,"150,629 ",,Mechanical,90 EUR,0 EUR,126,Espoo,0 EUR
https://www.copart.fi/lotDetail/50556630,50556630,0 EUR,09.10.2025 10:30 GMT+3,2024,1111597,Geniesser,None,,PEELK08617,,,,407 ,,Normal Wear,350 EUR,0 EUR,1,Espoo,0 EUR
https://www.copart.fi/lotDetail/50556643,50556643,0 EUR,09.10.2025 10:30 GMT+3,2022,1100400,Prophete Graveler e MTB,Hybrid,,PEEJF03097,,,,,,Normal Wear,15 EUR,0 EUR,2,Espoo,0 EUR
https://www.copart.fi/lotDetail/50555332,50555332,0 EUR,09.10.2025 10:30 GMT+3,2010,30,Range Rover Sport,Combustion,,SALLSAAG4BA270022,,,,"278,764 ",,Engine Breakdown,"1,600 EUR",0 EUR,3,Oulu,0 EUR
https://www.copart.fi/lotDetail/50555362,50555362,0 EUR,09.10.2025 10:30 GMT+3,2011,37,C,Combustion,,WDD2042021F592621,,,,"324,629 ",,Engine Breakdown,125 EUR,0 EUR,4,Oulu,0 EUR
https://www.copart.fi/lotDetail/50560018,50560018,0 EUR,09.10.2025 10:30 GMT+3,2015,26,Sportage,Combustion,,U5YPC814AFL727461,,,,"211,087 ",,Engine Breakdown,100 EUR,0 EUR,5,Pirkkala,0 EUR
https://www.copart.fi/lotDetail/50560187,50560187,0 EUR,09.10.2025 10:30 GMT+3,2024,1100400,"Propain Tyee 6 CF 29""",None,,LG2923087044,,,,,,All Over,15 EUR,0 EUR,6,Espoo,0 EUR
https://www.copart.fi/lotDetail/50560601,50560601,0 EUR,09.10.2025 10:30 GMT+3,2007,56,RAV4,Combustion,,JTMBA31V006088014,,,,"378,082 ",,Mechanical,90 EUR,0 EUR,7,Pirkkala,0 EUR
https://www.copart.fi/lotDetail/50560614,50560614,0 EUR,09.10.2025 10:30 GMT+3,2007,1100511,CLASSICA 743 UP-6C74UP/499+70,None,,ZY16C74UP60009653,,,,1 ,,Burn,50 EUR,0 EUR,9,Pirkkala,0 EUR
https://www.copart.fi/lotDetail/50560615,50560615,0 EUR,09.10.2025 10:30 GMT+3,2009,56,HI-LUX,Combustion,,AHTFZ29G409033352,,,,"365,280 ",,Front End,"1,600 EUR",0 EUR,10,Pirkkala,0 EUR
https://www.copart.fi/lotDetail/50560638,50560638,0 EUR,09.10.2025 10:30 GMT+3,2011,26,Ceed,Combustion,,U5YHC816BCL212410,,,,"201,858 ",,Animal Damage,80 EUR,0 EUR,11,Turku,0 EUR
https://www.copart.fi/lotDetail/50561004,50561004,0 EUR,09.10.2025 10:30 GMT+3,2025,1100436,Ranger 1000,Combustion,,TAPTAS996RK030887,,,,"5,336 ",,Side,"3,050 EUR",0 EUR,12,Pirkkala,0 EUR
https://www.copart.fi/lotDetail/50553467,50553467,0 EUR,09.10.2025 10:30 GMT+3,2017,49,Leon,Combustion,,VSSZZZ5FZJR051783,,,,"241,969 ",,Rear End,90 EUR,0 EUR,13,Pirkkala,0 EUR
https://www.copart.fi/lotDetail/50553226,50553226,0 EUR,09.10.2025 10:30 GMT+3,2008,21,CR-V,Combustion,,SHSRE67508U029159,,,,"314,506 ",,Normal Wear,100 EUR,0 EUR,14,Pirkkala,0 EUR
https://www.copart.fi/lotDetail/50561011,50561011,0 EUR,09.10.2025 10:30 GMT+3,2005,4,A4,Combustion,,WAUZZZ8E26A060427,,,,"364,883 ",,Normal Wear,90 EUR,0 EUR,15,Pirkkala,0 EUR
https://www.copart.fi/lotDetail/50561013,50561013,0 EUR,09.10.2025 10:30 GMT+3,2005,42,307,Combustion,,VF33HNFUC84503545,,,,"246,110 ",,Rear End,90 EUR,0 EUR,16,Pirkkala,0 EUR
https://www.copart.fi/lotDetail/50561014,50561014,0 EUR,09.10.2025 10:30 GMT+3,2013,37,Citan,Combustion,,WDF4156031U119060,,,,"273,300 ",,Mechanical,100 EUR,0 EUR,17,Pirkkala,0 EUR
https://www.copart.fi/lotDetail/50561015,50561015,0 EUR,09.10.2025 10:30 GMT+3,2005,16,Punto,Combustion,,ZFA18800005353819,,,,"188,945 ",,Front End,90 EUR,0 EUR,18,Pirkkala,0 EUR
https://www.copart.fi/lotDetail/50561016,50561016,0 EUR,09.10.2025 10:30 GMT+3,2014,50,Octavia,Combustion,,TMBAG7NE2F0043289,,,,"224,361 ",,All Over,80 EUR,0 EUR,19,Oulu,0 EUR
https://www.copart.fi/lotDetail/50561018,50561018,0 EUR,09.10.2025 10:30 GMT+3,2016,58,Golf,Combustion,,WVWZZZAUZGW182929,,,,"216,654 ",,Front End,80 EUR,0 EUR,20,Oulu,0 EUR
https://www.copart.fi/lotDetail/50561019,50561019,0 EUR,09.10.2025 10:30 GMT+3,2009,42,50,Combustion,,VGAS1BAGA00376773,,,,"30,244 ",,All Over,15 EUR,0 EUR,21,Jyväskylä,0 EUR
https://www.copart.fi/lotDetail/50561028,50561028,0 EUR,09.10.2025 10:30 GMT+3,2010,58,CADDY,Combustion,,WV1ZZZ2KZAX144397,,,,"242,953 ",,Engine Breakdown,90 EUR,0 EUR,22,Pirkkala,0 EUR
https://www.copart.fi/lotDetail/50561031,50561031,0 EUR,09.10.2025 10:30 GMT+3,2020,37,VITO,Combustion,,W1V44760313786961,,,,"227,000 ",,Animal Damage,90 EUR,0 EUR,23,Pirkkala,0 EUR
https://www.copart.fi/lotDetail/50556390,50556390,0 EUR,09.10.2025 10:30 GMT+3,1990,9,ASTRO,Combustion,,1GNDL15Z2LB147670,,,,"184,080 ",,Mechanical,90 EUR,0 EUR,24,Pirkkala,0 EUR
https://www.copart.fi/lotDetail/50557087,50557087,0 EUR,09.10.2025 10:30 GMT+3,2012,4,A5,Combustion,,WAUZZZ8TXBA061060,,,,"359,866 ",,Front End,80 EUR,0 EUR,25,Oulu,0 EUR
https://www.copart.fi/lotDetail/50555278,50555278,0 EUR,09.10.2025 10:30 GMT+3,2015,50,Octavia,Combustion,,TMBJG7NE8F0160035,,,,"375,936 ",,Front End,100 EUR,0 EUR,26,Espoo,0 EUR
https://www.copart.fi/lotDetail/50546930,50546930,0 EUR,09.10.2025 10:30 GMT+3,2005,21,Civic,Combustion,,JHMES45305S200140,,,,"162,110 ",,Animal Damage,90 EUR,0 EUR,27,Rovaniemi,0 EUR
https://www.copart.fi/lotDetail/50561062,50561062,0 EUR,09.10.2025 10:30 GMT+3,2007,58,Jetta,Combustion,,WVWZZZ1KZ6M784003,,,,"457,001 ",,Front End,80 EUR,0 EUR,28,Närpiö,0 EUR
https://www.copart.fi/lotDetail/50557059,50557059,0 EUR,09.10.2025 10:30 GMT+3,2004,56,BB 1.5VVT-i,Combustion,,NCP31-0156021,,,,"118,878 ",,Rear End,90 EUR,0 EUR,29,Oulu,0 EUR
https://www.copart.fi/lotDetail/50561088,50561088,0 EUR,09.10.2025 10:30 GMT+3,2011,56,Yaris,Combustion,,VNKKH96330A207541,,,,"180,974 ",,Rear End,100 EUR,0 EUR,30,Pirkkala,0 EUR
https://www.copart.fi/lotDetail/50561092,50561092,0 EUR,09.10.2025 10:30 GMT+3,2020,58,TRANSPORTER,Combustion,,WV1ZZZ7HZMH017379,,,,"76,407 ",,Front End,90 EUR,0 EUR,31,Pirkkala,0 EUR
https://www.copart.fi/lotDetail/50561093,50561093,0 EUR,09.10.2025 10:30 GMT+3,2017,16,Tipo,Combustion,,ZFA35600006H05393,,,,"198,262 ",,Front End,90 EUR,0 EUR,32,Pirkkala,0 EUR
https://www.copart.fi/lotDetail/50557107,50557107,0 EUR,09.10.2025 10:30 GMT+3,2008,38,MINI ONE HATCHBACK 3D,Combustion,,WMWME31040TL74383,,,,"100,878 ",,Front End,90 EUR,0 EUR,33,Oulu,0 EUR
https://www.copart.fi/lotDetail/50554842,50554842,0 EUR,09.10.2025 10:30 GMT+3,2005,1100400,Elvström 30 One-Off 717 + Mercury 10 -17,Combustion,,FIN5474,,,,undefined ,,Hull Damage,25 EUR,0 EUR,34,Karjaa,0 EUR
https://www.copart.fi/lotDetail/50557152,50557152,0 EUR,09.10.2025 10:30 GMT+3,2009,37,C,Combustion,,WDD2042451F366075,,,,"255,927 ",,Front End,80 EUR,0 EUR,35,Oulu,0 EUR
https://www.copart.fi/lotDetail/50557111,50557111,0 EUR,09.10.2025 10:30 GMT+3,2011,56,Avensis,Combustion,,SB1EE76L40E016159,,,,"123,308 ",,Front End,325 EUR,0 EUR,36,Oulu,0 EUR
https://www.copart.fi/lotDetail/50557145,50557145,0 EUR,09.10.2025 10:30 GMT+3,2010,58,CADDY,Combustion,,WV1ZZZ2KZBX203980,,,,"186,775 ",,Front End,80 EUR,0 EUR,37,Turku,0 EUR
https://www.copart.fi/lotDetail/50557126,50557126,0 EUR,09.10.2025 10:30 GMT+3,2012,56,Corolla,Combustion,,AHTLH56E903059653,,,,"244,773 ",,All Over,90 EUR,0 EUR,38,Oulu,0 EUR
https://www.copart.fi/lotDetail/50561113,50561113,0 EUR,09.10.2025 10:30 GMT+3,2012,5,300,Combustion,,WBAUS31000A523568,,,,"230,118 ",,Engine Breakdown,90 EUR,0 EUR,39,Espoo,0 EUR
https://www.copart.fi/lotDetail/50553614,50553614,0 EUR,09.10.2025 10:30 GMT+3,2005,56,Avensis,Combustion,,SB1ER56L90E136113,,,,"388,475 ",,Front End,80 EUR,0 EUR,40,Lahti,0 EUR
https://www.copart.fi/lotDetail/50561115,50561115,0 EUR,09.10.2025 10:30 GMT+3,2007,37,VITO KOMBI 115 CDI-639605/343,Combustion,,WDF63960513303285,,,,"521,782 ",,Side,90 EUR,0 EUR,41,Espoo,0 EUR
https://www.copart.fi/lotDetail/50561117,50561117,0 EUR,09.10.2025 10:30 GMT+3,2012,53,Legacy,Combustion,,JF1BR9L95CG123344,,,,"231,043 ",,Mechanical,100 EUR,0 EUR,42,Espoo,0 EUR
https://www.copart.fi/lotDetail/50561118,50561118,0 EUR,09.10.2025 10:30 GMT+3,2000,50,Fabia,Combustion,,TMBPB16Y7Y3017044,,,,"188,915 ",,Front End,80 EUR,0 EUR,43,Kouvola,0 EUR
https://www.copart.fi/lotDetail/50561120,50561120,0 EUR,09.10.2025 10:30 GMT+3,2018,11,Berlingo,Combustion,,VF77JHNZ6JJ670098,,,,"228,716 ",,Normal Wear,90 EUR,0 EUR,44,Espoo,0 EUR
https://www.copart.fi/lotDetail/50561121,50561121,0 EUR,09.10.2025 10:30 GMT+3,2004,4,A4,Combustion,,WAUZZZ8E14A294863,,,,"72,194 ",,Front End,100 EUR,0 EUR,45,Espoo,0 EUR
https://www.copart.fi/lotDetail/50561122,50561122,0 EUR,09.10.2025 10:30 GMT+3,2013,19,Focus,Combustion,,WF0LXXGCBLDC60507,,,,"157,144 ",,Rear End,90 EUR,0 EUR,46,Espoo,0 EUR
https://www.copart.fi/lotDetail/50561124,50561124,0 EUR,09.10.2025 10:30 GMT+3,2011,26,Venga,Combustion,,TMAEH813ABJ049539,,,,"409,115 ",,Engine Breakdown,80 EUR,0 EUR,47,Oulu,0 EUR
https://www.copart.fi/lotDetail/50557922,50557922,0 EUR,09.10.2025 10:30 GMT+3,2016,42,308,Combustion,,VF3L45GTHGS009906,,,,"296,791 ",,Mechanical,125 EUR,0 EUR,48,Pirkkala,0 EUR
https://www.copart.fi/lotDetail/50561142,50561142,0 EUR,09.10.2025 10:30 GMT+3,2011,56,Auris,Combustion,,SB1KN56E40E013979,,,,"429,651 ",,Normal Wear,90 EUR,0 EUR,49,Espoo,0 EUR
https://www.copart.fi/lotDetail/50561144,50561144,0 EUR,09.10.2025 10:30 GMT+3,2009,11,C5,Combustion,,VF7RD9HZC54097006,,,,"443,109 ",,Normal Wear,90 EUR,0 EUR,50,Espoo,0 EUR
https://www.copart.fi/lotDetail/50561146,50561146,0 EUR,09.10.2025 10:30 GMT+3,2018,45,Clio,Combustion,,VF1R9800861464991,,,,"80,805 ",,Front End,90 EUR,0 EUR,51,Espoo,0 EUR
https://www.copart.fi/lotDetail/50561148,50561148,0 EUR,09.10.2025 10:30 GMT+3,2013,19,Fiesta,Combustion,,WF0DXXGAKDDD27851,,,,"137,582 ",,Mechanical,90 EUR,0 EUR,52,Espoo,0 EUR
https://www.copart.fi/lotDetail/50561150,50561150,0 EUR,09.10.2025 10:30 GMT+3,2011,50,Roomster,Combustion,,TMBNL65J3C7015444,,,,"283,937 ",,Mechanical,90 EUR,0 EUR,53,Espoo,0 EUR
https://www.copart.fi/lotDetail/50557116,50557116,0 EUR,09.10.2025 10:30 GMT+3,2011,72,DAILY,Combustion,,ZCFC35D2005870632,,,,"476,004 ",,Normal Wear,90 EUR,0 EUR,54,Espoo,0 EUR
https://www.copart.fi/lotDetail/50561213,50561213,0 EUR,09.10.2025 10:30 GMT+3,2007,56,Corolla,Combustion,,JTNBV56E902025389,,,,"314,656 ",,Mechanical,80 EUR,0 EUR,55,Oulu,0 EUR
https://www.copart.fi/lotDetail/50561216,50561216,0 EUR,09.10.2025 10:30 GMT+3,2010,59,V50,Combustion,,YV1MW76F2B2594723,,,,"448,457 ",,Mechanical,80 EUR,0 EUR,56,Porvoo,0 EUR
https://www.copart.fi/lotDetail/50558836,50558836,0 EUR,09.10.2025 10:30 GMT+3,2011,19,Focus,Combustion,,WF0KXXGCBKBK60447,,,,"238,280 ",,Side,90 EUR,0 EUR,57,Espoo,0 EUR
https://www.copart.fi/lotDetail/50561223,50561223,0 EUR,09.10.2025 10:30 GMT+3,2022,50,Scala,Combustion,,TMBER7NW6P3022059,,,,"54,026 ",,Front End,90 EUR,0 EUR,58,Pirkkala,0 EUR
https://www.copart.fi/lotDetail/50561224,50561224,0 EUR,09.10.2025 10:30 GMT+3,2017,26,Optima,Hybrid,,KNAGV81FBJ5018613,,,,"197,145 ",,Normal Wear,100 EUR,0 EUR,59,Pirkkala,0 EUR
https://www.copart.fi/lotDetail/50561225,50561225,0 EUR,09.10.2025 10:30 GMT+3,2006,40,X-Trail,Combustion,,JN1TANT30U0103458,,,,"270,406 ",,Corrosion,90 EUR,0 EUR,60,Pirkkala,0 EUR
https://www.copart.fi/lotDetail/50561226,50561226,0 EUR,09.10.2025 10:30 GMT+3,2010,58,Golf,Combustion,,WVWZZZ1KZAM644129,,,,"328,734 ",,Vandalism,90 EUR,0 EUR,61,Pirkkala,0 EUR
https://www.copart.fi/lotDetail/50561227,50561227,0 EUR,09.10.2025 10:30 GMT+3,2006,4,A6,Combustion,,WAUZZZ4FX6N091951,,,,"444,009 ",,Mechanical,90 EUR,0 EUR,62,Pirkkala,0 EUR
https://www.copart.fi/lotDetail/50557921,50557921,0 EUR,09.10.2025 10:30 GMT+3,2000,19,Focus,Combustion,,WF0FXXWPDFXJ63392,,,,"323,683 ",,Mechanical,90 EUR,0 EUR,63,Pirkkala,0 EUR
https://www.copart.fi/lotDetail/50561228,50561228,0 EUR,09.10.2025 10:30 GMT+3,2015,19,Transit,Combustion,,WF01XXTTG1FD14237,,,,"275,991 ",,Top/Roof,400 EUR,0 EUR,64,Pirkkala,0 EUR
https://www.copart.fi/lotDetail/50561229,50561229,0 EUR,09.10.2025 10:30 GMT+3,2008,59,V50,Combustion,,YV1MW765282417506,,,,"315,599 ",,Normal Wear,90 EUR,0 EUR,65,Pirkkala,0 EUR
https://www.copart.fi/lotDetail/50561232,50561232,0 EUR,09.10.2025 10:30 GMT+3,2005,58,TRANSPORTER,Combustion,,WV2ZZZ7HZ5H094318,,,,"379,283 ",,Engine Breakdown,90 EUR,0 EUR,66,Pirkkala,0 EUR
https://www.copart.fi/lotDetail/50561233,50561233,0 EUR,09.10.2025 10:30 GMT+3,2004,5,300,Combustion,,WBAAT51090FW48177,,,,"222,733 ",,Mechanical,175 EUR,0 EUR,67,Pirkkala,0 EUR
https://www.copart.fi/lotDetail/50561234,50561234,0 EUR,09.10.2025 10:30 GMT+3,2014,56,Auris,Combustion,,SB1ZE3JE30E049687,,,,"144,624 ",,Front End,90 EUR,0 EUR,68,Pirkkala,0 EUR
https://www.copart.fi/lotDetail/50561235,50561235,0 EUR,09.10.2025 10:30 GMT+3,1979,1100205,TOWN CAR,Combustion,,7Y81A871612,,,,"110,958 ",,Side,90 EUR,0 EUR,69,Pirkkala,0 EUR
https://www.copart.fi/lotDetail/50561238,50561238,0 EUR,09.10.2025 10:30 GMT+3,2011,39,L200,Combustion,,MMCCNKB40BD028378,,,,"420,550 ",,Front End,90 EUR,0 EUR,70,Pirkkala,0 EUR
https://www.copart.fi/lotDetail/50561239,50561239,0 EUR,09.10.2025 10:30 GMT+3,2014,19,Focus,Combustion,,WF0LXXGCBLDE33968,,,,"305,885 ",,Normal Wear,90 EUR,0 EUR,71,Pirkkala,0 EUR
https://www.copart.fi/lotDetail/50561257,50561257,0 EUR,09.10.2025 10:30 GMT+3,2005,19,Focus,Combustion,,WF03XXGCD35K66099,,,,"221,106 ",,Front End,80 EUR,0 EUR,72,Oulu,0 EUR
https://www.copart.fi/lotDetail/50561259,50561259,0 EUR,09.10.2025 10:30 GMT+3,2005,41,Vectra,Combustion,,W0L0ZCF6861019985,,,,"194,523 ",,Side,80 EUR,0 EUR,73,Oulu,0 EUR
https://www.copart.fi/lotDetail/50561269,50561269,0 EUR,09.10.2025 10:30 GMT+3,2016,21,Civic,Combustion,,SHHFK2830FU504059,,,,"164,777 ",,Animal Damage,80 EUR,0 EUR,74,Oulu,0 EUR
https://www.copart.fi/lotDetail/50561270,50561270,0 EUR,09.10.2025 10:30 GMT+3,2006,56,Avensis,Combustion,,SB1EJ56L40E079407,,,,"342,477 ",,Burn - Interior,80 EUR,0 EUR,75,Kähtävä,0 EUR
https://www.copart.fi/lotDetail/50561273,50561273,0 EUR,09.10.2025 10:30 GMT+3,2006,36,6,Combustion,,JMZGY19F771439494,,,,"225,841 ",,Animal Damage,80 EUR,0 EUR,76,Rovaniemi,0 EUR
https://www.copart.fi/lotDetail/50561274,50561274,0 EUR,09.10.2025 10:30 GMT+3,2010,50,Superb,Combustion,,TMBJE73T8B9010908,,,,"350,100 ",,Front End,80 EUR,0 EUR,77,Närpiö,0 EUR
https://www.copart.fi/lotDetail/50561276,50561276,0 EUR,09.10.2025 10:30 GMT+3,2021,1100466,50,Combustion,,VTPMRT50C00M00787,,,,"7,177 ",,Side,10 EUR,0 EUR,78,Jyväskylä,0 EUR
https://www.copart.fi/lotDetail/50560602,50560602,0 EUR,09.10.2025 10:30 GMT+3,2023,1100400,CHALLENGER 250,Combustion,,VF7YGBPAU12V38426,,,,"20,132 ",,Top/Roof,50 EUR,0 EUR,79,Pirkkala,0 EUR
https://www.copart.fi/lotDetail/50561536,50561536,0 EUR,09.10.2025 10:30 GMT+3,2010,41,VIVARO,Combustion,,W0LF7AHA6AV614518,,,,"308,283 ",,Animal Damage,80 EUR,0 EUR,80,Oulu,0 EUR
https://www.copart.fi/lotDetail/50557923,50557923,0 EUR,09.10.2025 10:30 GMT+3,2005,37,E,Combustion,,WDB2116161A431840,,,,"193,566 ",,Front End,90 EUR,0 EUR,81,Pirkkala,0 EUR
https://www.copart.fi/lotDetail/50561557,50561557,0 EUR,09.10.2025 10:30 GMT+3,2017,26,Optima,Hybrid,,KNAGV41DBH5006112,,,,"196,384 ",,Engine Breakdown,90 EUR,0 EUR,82,Pirkkala,0 EUR
https://www.copart.fi/lotDetail/50561558,50561558,0 EUR,09.10.2025 10:30 GMT+3,2007,76,VESPA,Combustion,,ZAPC3830000018859,,,,"5,091 ",,Vandalism,10 EUR,0 EUR,83,Pirkkala,0 EUR
https://www.copart.fi/lotDetail/50561559,50561559,0 EUR,09.10.2025 10:30 GMT+3,2013,11,Berlingo,Combustion,,VF77J9HP8DJ581774,,,,"238,109 ",,Front End,90 EUR,0 EUR,85,Pirkkala,0 EUR
https://www.copart.fi/lotDetail/50558362,50558362,0 EUR,09.10.2025 10:30 GMT+3,2011,53,Legacy,Combustion,,JF1BMDLZ1BG022540,,,,"300,000 ",,Front End,90 EUR,0 EUR,86,Pirkkala,0 EUR
https://www.copart.fi/lotDetail/50558198,50558198,0 EUR,09.10.2025 10:30 GMT+3,2004,36,2,Combustion,,JMZND2WPJN4E79747,,,,"234,262 ",,Mechanical,90 EUR,0 EUR,87,Pirkkala,0 EUR
https://www.copart.fi/lotDetail/50561606,50561606,0 EUR,09.10.2025 10:30 GMT+3,2002,1100403,Fiat Ducato 2.8 JTD ESPRIT A 6880,Combustion,,ZFA23000006165111,,,,"188,360 ",,Top/Roof,50 EUR,0 EUR,88,Pirkkala,0 EUR
https://www.copart.fi/lotDetail/50561608,50561608,0 EUR,09.10.2025 10:30 GMT+3,2015,19,B-Max,Combustion,,WF0KXXERJKFD75030,,,,"179,581 ",,Normal Wear,90 EUR,0 EUR,89,Pirkkala,0 EUR
https://www.copart.fi/lotDetail/50561609,50561609,0 EUR,09.10.2025 10:30 GMT+3,2007,41,Zafira,Combustion,,W0L0AHM7582017778,,,,undefined ,,Mechanical,90 EUR,0 EUR,90,Pirkkala,0 EUR
https://www.copart.fi/lotDetail/50561621,50561621,0 EUR,09.10.2025 10:30 GMT+3,2016,21,Hr-V,Combustion,,3HGRU1890GM415131,,,,"134,465 ",,Rear End,90 EUR,0 EUR,91,Pirkkala,0 EUR
https://www.copart.fi/lotDetail/50561634,50561634,0 EUR,09.10.2025 10:30 GMT+3,2018,41,Astra,Combustion,,W0VBE8EAXJ8025216,,,,"132,168 ",,All Over,80 EUR,0 EUR,92,Oulu,0 EUR
https://www.copart.fi/lotDetail/50557247,50557247,0 EUR,10.10.2025 10:30 GMT+3,2006,58,Polo,Combustion,,WVWZZZ9NZ6Y174263,,,,"160,000 ",,Burn,80 EUR,0 EUR,1,Lahti,0 EUR
https://www.copart.fi/lotDetail/50557337,50557337,0 EUR,10.10.2025 10:30 GMT+3,2023,49,Leon,Hybrid,,VSSZZZKL1RR009760,,,,"36,143 ",,Front End,100 EUR,0 EUR,2,Oulu,0 EUR
https://www.copart.fi/lotDetail/50557612,50557612,0 EUR,10.10.2025 10:30 GMT+3,2007,42,307,Combustion,,VF33CNFUL84814859,,,,"315,000 ",,Burn - Engine,80 EUR,0 EUR,3,Mikkeli,0 EUR
https://www.copart.fi/lotDetail/50557763,50557763,0 EUR,10.10.2025 10:30 GMT+3,2008,37,E,Combustion,,WDB2110071B352122,,,,"396,700 ",,All Over,100 EUR,0 EUR,4,Taavetti,0 EUR
https://www.copart.fi/lotDetail/50558757,50558757,0 EUR,10.10.2025 10:30 GMT+3,2007,4,TT,Combustion,,TRUZZZ8J781012737,,,,"254,207 ",,Front End,100 EUR,0 EUR,5,Pirkkala,0 EUR
https://www.copart.fi/lotDetail/50557855,50557855,0 EUR,10.10.2025 10:30 GMT+3,2022,12,Duster,Combustion,,VF1HJD40X68784102,,,,"25,288 ",,Rear End,80 EUR,0 EUR,6,Mikkeli,0 EUR
https://www.copart.fi/lotDetail/50559389,50559389,0 EUR,10.10.2025 10:30 GMT+3,2021,59,XC60,Hybrid,,YV1UZBMVDM1759617,,,,"95,000 ",,Front End,100 EUR,0 EUR,7,Espoo,0 EUR
https://www.copart.fi/lotDetail/50559839,50559839,0 EUR,10.10.2025 10:30 GMT+3,2009,50,Octavia,Combustion,,TMBCS61Z38C003749,,,,"370,000 ",,All Over,90 EUR,0 EUR,8,Oulu,0 EUR
https://www.copart.fi/lotDetail/50559870,50559870,0 EUR,10.10.2025 10:30 GMT+3,2022,37,A,Combustion,,W1K1771841J353002,,,,"36,671 ",,Side,90 EUR,0 EUR,9,Espoo,0 EUR
https://www.copart.fi/lotDetail/50559888,50559888,0 EUR,10.10.2025 10:30 GMT+3,2004,58,Passat,Combustion,,WVWZZZ3BZ4E280542,,,,"444,103 ",,Animal Damage,80 EUR,0 EUR,10,Kähtävä,0 EUR
https://www.copart.fi/lotDetail/50559912,50559912,0 EUR,10.10.2025 10:30 GMT+3,2010,5,500,Combustion,,WBAPU31060C231578,,,,1 ,,Front End,100 EUR,0 EUR,11,Oulu,0 EUR
https://www.copart.fi/lotDetail/50560013,50560013,0 EUR,10.10.2025 10:30 GMT+3,2010,37,GLK,Combustion,,WDC2049841F518189,,,,"496,737 ",,Side,675 EUR,0 EUR,12,Jyväskylä,0 EUR
https://www.copart.fi/lotDetail/50560160,50560160,0 EUR,10.10.2025 10:30 GMT+3,2021,26,ProCeed,Combustion,,U5YH2G14GLL026669,,,,"63,822 ",,All Over,80 EUR,0 EUR,13,Turku,0 EUR
https://www.copart.fi/lotDetail/50560178,50560178,0 EUR,10.10.2025 10:30 GMT+3,2022,26,Picanto,Combustion,,KNAB351AJNT914522,,,,"20,000 ",,Front End,90 EUR,0 EUR,14,Espoo,0 EUR
https://www.copart.fi/lotDetail/50560567,50560567,0 EUR,10.10.2025 10:30 GMT+3,2012,50,Octavia,Combustion,,TMBGT61ZXD2109940,,,,"250,553 ",,Front End,90 EUR,0 EUR,15,Pirkkala,0 EUR
https://www.copart.fi/lotDetail/50560568,50560568,0 EUR,10.10.2025 10:30 GMT+3,2010,1100436,Sportsman 500 EFI ,Combustion,,4XAMN50E5AB806909,,,,1 ,,Burn,40 EUR,0 EUR,16,Pirkkala,0 EUR
https://www.copart.fi/lotDetail/50560604,50560604,0 EUR,10.10.2025 10:30 GMT+3,2015,4,Q3,Combustion,,WAUZZZ8U5FR027821,,,,"175,515 ",,All Over,80 EUR,0 EUR,17,Oulu,0 EUR
https://www.copart.fi/lotDetail/50560608,50560608,0 EUR,10.10.2025 10:30 GMT+3,2014,40,Note,Combustion,,SJNTBAE12U1042534,,,,"177,817 ",,Animal Damage,80 EUR,0 EUR,18,Oulu,0 EUR
https://www.copart.fi/lotDetail/50560611,50560611,0 EUR,10.10.2025 10:30 GMT+3,2013,59,V70,Combustion,,YV1BW8756D1267970,,,,"372,047 ",,Animal Damage,80 EUR,0 EUR,19,Oulu,0 EUR
https://www.copart.fi/lotDetail/50560634,50560634,0 EUR,10.10.2025 10:30 GMT+3,2016,19,TRANSIT,Combustion,,WF0XXXTTGXGG53485,,,,"330,000 ",,Burn,90 EUR,0 EUR,20,Pirkkala,0 EUR
https://www.copart.fi/lotDetail/50561005,50561005,0 EUR,10.10.2025 10:30 GMT+3,2024,58,T-Roc,Combustion,,WVGZZZA1XSV035249,,,,"15,369 ",,Side,90 EUR,0 EUR,21,Pirkkala,0 EUR
https://www.copart.fi/lotDetail/50561116,50561116,0 EUR,10.10.2025 10:30 GMT+3,2011,5,300,Combustion,,WBAPG11070E809798,,,,"314,080 ",,All Over,90 EUR,0 EUR,22,Kouvola,0 EUR
https://www.copart.fi/lotDetail/50561221,50561221,0 EUR,10.10.2025 10:30 GMT+3,2017,37,E,Combustion,,WDD2132041A254569,,,,"276,805 ",,Side,90 EUR,0 EUR,23,Pirkkala,0 EUR
https://www.copart.fi/lotDetail/50561272,50561272,0 EUR,10.10.2025 10:30 GMT+3,2005,21,CR-V,Combustion,,SHSRD87606U402720,,,,"253,937 ",,Rear End,100 EUR,0 EUR,24,Pietarsaari,0 EUR
https://www.copart.fi/lotDetail/50556631,50556631,0 EUR,14.10.2025 10:30 GMT+3,2024,1111597,Geniesser,None,,PEELK10557,,,,117 ,,Normal Wear,10 EUR,0 EUR,1,Espoo,0 EUR
https://www.copart.fi/lotDetail/50556644,50556644,0 EUR,14.10.2025 10:30 GMT+3,2022,1100400,Prophete Graveler e MTB,Hybrid,,PEEJF03158,,,,,,Normal Wear,10 EUR,0 EUR,2,Espoo,0 EUR
https://www.copart.fi/lotDetail/50559984,50559984,0 EUR,14.10.2025 10:30 GMT+3,2013,4,A4,Combustion,,WAUZZZ8K8DA112484,,,,"317,752 ",,Engine Breakdown,"1,300 EUR",0 EUR,3,Pirkkala,0 EUR
https://www.copart.fi/lotDetail/50559987,50559987,0 EUR,14.10.2025 10:30 GMT+3,2015,36,6,Combustion,,JMZGJ691871303952,,,,"190,324 ",,Normal Wear,325 EUR,0 EUR,4,Pirkkala,0 EUR
https://www.copart.fi/lotDetail/50560176,50560176,0 EUR,14.10.2025 10:30 GMT+3,2025,19,TRANSIT,Combustion,,WF0RXXTA1RRB13741,,,,"18,526 ",,Front End,"7,100 EUR",0 EUR,5,Espoo,0 EUR
https://www.copart.fi/lotDetail/50560189,50560189,0 EUR,14.10.2025 10:30 GMT+3,2015,4,A6,Combustion,,WAUZZZ4G4FN085247,,,,"236,626 ",,Front End,80 EUR,0 EUR,6,Oulu,0 EUR
https://www.copart.fi/lotDetail/50560536,50560536,0 EUR,14.10.2025 10:30 GMT+3,2017,56,Prius,Hybrid,,JTDKA3FP403042701,,,,"92,944 ",,Front End,"4,150 EUR",0 EUR,7,Oulu,0 EUR
https://www.copart.fi/lotDetail/50560620,50560620,0 EUR,14.10.2025 10:30 GMT+3,2024,1100436,Ranger 1000,Combustion,,TAPTAS994SK033177,,,,665 ,,Vandalism,"4,000 EUR",0 EUR,8,Espoo,0 EUR
https://www.copart.fi/lotDetail/50560624,50560624,0 EUR,14.10.2025 10:30 GMT+3,2018,50,Kodiaq,Combustion,,TMBJA7NS7J8087418,,,,"169,063 ",,Rear End,90 EUR,0 EUR,9,Espoo,0 EUR
https://www.copart.fi/lotDetail/50560625,50560625,0 EUR,14.10.2025 10:30 GMT+3,2013,4,A6,Combustion,,WAUZZZ4G8EN059667,,,,"194,682 ",,Front End,"3,050 EUR",0 EUR,10,Espoo,0 EUR
https://www.copart.fi/lotDetail/50560628,50560628,0 EUR,14.10.2025 10:30 GMT+3,2013,58,Beetle,Combustion,,WVWZZZ16ZDM650953,,,,"149,732 ",,Animal Damage,80 EUR,0 EUR,11,Turku,0 EUR
https://www.copart.fi/lotDetail/50560630,50560630,0 EUR,14.10.2025 10:30 GMT+3,2011,56,HIACE,Combustion,,JT121JK2100054081,,,,"213,513 ",,Front End,90 EUR,0 EUR,12,Turku,0 EUR
https://www.copart.fi/lotDetail/50560635,50560635,0 EUR,14.10.2025 10:30 GMT+3,2017,41,Mokka,Combustion,,W0LJD7EM9H4228806,,,,"156,339 ",,Side,"2,600 EUR",0 EUR,13,Espoo,0 EUR
https://www.copart.fi/lotDetail/50556477,50556477,0 EUR,14.10.2025 10:30 GMT+3,2014,37,E,Combustion,,WDD2073361F264958,,,,"157,398 ",,Normal Wear,"2,900 EUR",0 EUR,14,Pirkkala,0 EUR
https://www.copart.fi/lotDetail/50557154,50557154,0 EUR,14.10.2025 10:30 GMT+3,2010,37,E,Combustion,,WDD2073571F056743,,,,"225,652 ",,Front End,100 EUR,0 EUR,15,Espoo,0 EUR
https://www.copart.fi/lotDetail/50561123,50561123,0 EUR,14.10.2025 10:30 GMT+3,2019,56,Corolla,Hybrid,,NMTBZ3BE60R012917,,,,"136,143 ",,Rear End,600 EUR,0 EUR,16,Oulu,0 EUR
https://www.copart.fi/lotDetail/50561603,50561603,0 EUR,14.10.2025 10:30 GMT+3,2016,59,V40,Combustion,,YV1MZ74L0G2101663,,,,"159,817 ",,Rear End,90 EUR,0 EUR,17,Pirkkala,0 EUR
https://www.copart.fi/lotDetail/50561605,50561605,0 EUR,14.10.2025 10:30 GMT+3,2009,30,Freelander,Combustion,,SALFA24B48H108643,,,,"411,024 ",,Side,90 EUR,0 EUR,18,Pirkkala,0 EUR
https://www.copart.fi/lotDetail/50556645,50556645,0 EUR,15.10.2025 10:30 GMT+3,2022,1100400,Prophete Graveler e MTB,Hybrid,,PEEJF02726,,,,,,Normal Wear,10 EUR,0 EUR,1,Espoo,0 EUR
https://www.copart.fi/lotDetail/50556659,50556659,0 EUR,15.10.2025 10:30 GMT+3,2024,1111597,"Wave City 28""",Hybrid,,PEELK07852,,,,312 ,,Normal Wear,15 EUR,0 EUR,2,Espoo,0 EUR
https://www.copart.fi/lotDetail/50560532,50560532,0 EUR,15.10.2025 10:30 GMT+3,1995,1100400,Princess 366 + yanmar 300hv x2 2001,Combustion,,N/A,,,,1 ,,Burn,"11,700 EUR",0 EUR,3,Koski,0 EUR
https://www.copart.fi/lotDetail/50556646,50556646,0 EUR,16.10.2025 10:30 GMT+3,2022,1100400,Prophete Graveler e MTB,Hybrid,,PEEJF02209,,,,,,Normal Wear,15 EUR,0 EUR,1,Espoo,0 EUR
https://www.copart.fi/lotDetail/50556658,50556658,0 EUR,16.10.2025 10:30 GMT+3,2024,1111597,"Wave City 28""",Hybrid,,PEELK11204,,,,,,Normal Wear,15 EUR,0 EUR,2,Espoo,0 EUR
https://www.copart.fi/lotDetail/50549515,50549515,0 EUR,17.10.2025 10:30 GMT+3,1,1100400,Vaihtolava,None,,N/A,,,,1 ,,Normal Wear,175 EUR,0 EUR,1,MUUALLA,0 EUR
https://www.copart.fi/lotDetail/50555359,50555359,0 EUR,17.10.2025 10:30 GMT+3,2020,56,SPE200D trukki,Electric,,N/A,,,,"4,267 ",,Normal Wear,25 EUR,0 EUR,2,MUUALLA,0 EUR
https://www.copart.fi/lotDetail/50558949,50558949,0 EUR,17.10.2025 10:30 GMT+3,1982,1100400,Leyland 272 S,Combustion,,272SQMS-250789,,,,1 ,,Burn,40 EUR,0 EUR,3,Keminmaa,0 EUR
https://www.copart.fi/lotDetail/50559468,50559468,0 EUR,17.10.2025 10:30 GMT+3,2021,72,EUROCARGO,Combustion,,ZCFA81MM802701446,,,,"31,929 ",,All Over,60 EUR,0 EUR,4,Koski,0 EUR
https://www.copart.fi/lotDetail/50559526,50559526,0 EUR,17.10.2025 10:30 GMT+3,2019,1100400,Kalmar DCG100-45ED7 Kontinkäsittelytrukki,Combustion,,B30400183,,,,"12,215 ",,Front End,60 EUR,0 EUR,5,Koski,0 EUR
https://www.copart.fi/lotDetail/50560437,50560437,0 EUR,17.10.2025 10:30 GMT+3,2016,1100400,VAK jalkalava kontti,None,,21612464,,,,1 ,,Top/Roof,10 EUR,0 EUR,6,Koski,0 EUR
https://www.copart.fi/lotDetail/50560585,50560585,0 EUR,17.10.2025 10:30 GMT+3,2008,1100641,C600 E15M 8x4 Vaihtolava-auto,Combustion,,YK7JHDA208K052626,,,,"641,781 ",,Burn - Engine,50 EUR,0 EUR,7,Koski,0 EUR
https://www.copart.fi/lotDetail/50560654,50560654,0 EUR,17.10.2025 10:30 GMT+3,2018,65,XF 450 FT 4X2 Vetopöytäauto,Combustion,,XLRTEH4100G193187,,,,"875,423 ",,All Over,70 EUR,0 EUR,8,Koski,0 EUR
https://www.copart.fi/lotDetail/50561026,50561026,0 EUR,17.10.2025 10:30 GMT+3,2016,59,FH 540 6X2 Vetopöytäauto,Combustion,,YV2RT60C0HA796854,,,,"598,200 ",,Front End,50 EUR,0 EUR,9,Koski,0 EUR
https://www.copart.fi/lotDetail/50561186,50561186,0 EUR,17.10.2025 10:30 GMT+3,2018,59,FM 500 6X2 Umpikori,Combustion,,YV2XT40CXJA835094,,,,"787,432 ",,Side,50 EUR,0 EUR,10,Koski,0 EUR
https://www.copart.fi/lotDetail/50561250,50561250,0 EUR,17.10.2025 10:30 GMT+3,2016,59,EW180E Kaivinkone,Combustion,,VCEW180EV00320197,,,,"8,681 ",,All Over,50 EUR,0 EUR,11,Koski,0 EUR
https://www.copart.fi/lotDetail/50556647,50556647,0 EUR,21.10.2025 10:30 GMT+3,2022,1100400,Prophete Graveler e MTB,Hybrid,,PEEJF01326,,,,,,Normal Wear,15 EUR,0 EUR,1,Espoo,0 EUR
https://www.copart.fi/lotDetail/50556657,50556657,0 EUR,21.10.2025 10:30 GMT+3,2024,1111597,"Wave City 28""",Hybrid,,PEELK10164,,,,613 ,,Normal Wear,10 EUR,0 EUR,2,Espoo,0 EUR
https://www.copart.fi/lotDetail/50556648,50556648,0 EUR,22.10.2025 10:30 GMT+3,2022,1100400,Prophete Graveler e MTB,Hybrid,,PEEJF01559,,,,5 ,,Normal Wear,15 EUR,0 EUR,1,Espoo,0 EUR
https://www.copart.fi/lotDetail/50556656,50556656,0 EUR,22.10.2025 10:30 GMT+3,2024,1111597,"Wave City 28""",Hybrid,,PEELK08136,,,,167 ,,Normal Wear,10 EUR,0 EUR,2,Espoo,0 EUR
https://www.copart.fi/lotDetail/50556650,50556650,0 EUR,23.10.2025 10:30 GMT+3,2022,1100400,Prophete Graveler e MTB,Hybrid,,PEEJF03028,,,,24 ,,Normal Wear,15 EUR,0 EUR,1,Espoo,0 EUR
https://www.copart.fi/lotDetail/50556655,50556655,0 EUR,23.10.2025 10:30 GMT+3,2024,1111597,"Wave City 28""",Hybrid,,PEELK11249,,,,413 ,,Normal Wear,10 EUR,0 EUR,2,Espoo,0 EUR
https://www.copart.fi/lotDetail/50212847,50212847,0 EUR,18.01.2023 10:55 GMT+2,2004,40,Primera,Combustion,,SJNFAAP12U0168699,,,,"269,634 ",,Normal Wear,0 EUR,0 EUR,18,Pirkkala,0 EUR
https://www.copart.fi/lotDetail/50533649,50533649,0 EUR,31.07.2025 11:41 GMT+3,,,,,,,,,,undefined ,,,0 EUR,0 EUR,67,,0 EUR
https://www.copart.fi/lotDetail/50548739,50548739,0 EUR,19.09.2025 10:59 GMT+3,2021,1100400,NTM Vaihtolavaperävaunu,None,,YF3RTPC04M1024613,,,,1 ,,Normal Wear,0 EUR,0 EUR,14,MUUALLA,0 EUR
https://www.copart.fi/lotDetail/50557326,50557326,0 EUR,30.09.2025 13:30 GMT+3,2013,4,A6,Combustion,,WAUZZZ4G4DN136954,,,,"194,292 ",,Minor Dents/Scratches,0 EUR,0 EUR,135,Espoo,0 EUR
https://www.copart.fi/lotDetail/50557634,50557634,0 EUR,01.10.2025 12:11 GMT+3,2014,58,CADDY,Combustion,,WV1ZZZ2KZEX132729,,,,"286,827 ",,Mechanical,0 EUR,0 EUR,79,Oulu,0 EUR
https://www.copart.fi/lotDetail/50557640,50557640,0 EUR,01.10.2025 12:14 GMT+3,2010,58,Caddy,Combustion,,WV2ZZZ2KZAX108356,,,,"281,284 ",,Minor Dents/Scratches,0 EUR,0 EUR,82,Turku,0 EUR
https://www.copart.fi/lotDetail/50556834,50556834,0 EUR,02.10.2025 10:32 GMT+3,2002,5,500,Combustion,,WBADT61020CJ55834,,,,"220,000 ",,Front End,"2,000 EUR",0 EUR,3,Pirkkala,0 EUR
https://www.copart.fi/lotDetail/50554702,50554702,0 EUR,02.10.2025 10:33 GMT+3,2016,58,Transporter,Combustion,,WV1ZZZ7HZHH051645,,,,"225,000 ",,Rear End,"3,550 EUR",0 EUR,4,Oulu,0 EUR
https://www.copart.fi/lotDetail/50557017,50557017,0 EUR,02.10.2025 10:35 GMT+3,2010,1100478,540 UFE,None,,WHB24E43L0FA05044,,,,1 ,,Side,"7,600 EUR",0 EUR,5,Oulu,0 EUR
https://www.copart.fi/lotDetail/50557097,50557097,0 EUR,02.10.2025 10:36 GMT+3,2012,59,V60,Combustion,,YV1FW88A1D1109805,,,,"191,749 ",,Animal Damage,"2,000 EUR",0 EUR,6,Oulu,0 EUR
https://www.copart.fi/lotDetail/50557122,50557122,0 EUR,02.10.2025 10:37 GMT+3,2013,41,Insignia,Combustion,,W0LGM8EM2D1094927,,,,"248,920 ",,Mechanical,"1,100 EUR",0 EUR,7,Pirkkala,0 EUR
https://www.copart.fi/lotDetail/50557234,50557234,0 EUR,02.10.2025 10:40 GMT+3,2022,37,GLB,Combustion,,W1N2476131W208535,,,,"326,638 ",,Animal Damage,"9,100 EUR",0 EUR,9,Oulu,0 EUR
https://www.copart.fi/lotDetail/50546393,50546393,0 EUR,02.10.2025 10:52 GMT+3,2007,11,C4,Combustion,,VF7LCNFUF74728678,,,,"183,010 ",,Rear End,90 EUR,0 EUR,19,Pirkkala,0 EUR
https://www.copart.fi/lotDetail/50550868,50550868,0 EUR,02.10.2025 10:55 GMT+3,2010,4,A4,Combustion,,WAUZZZ8K6BA009187,,,,"399,874 ",,Mechanical,"2,200 EUR",0 EUR,22,Oulu,0 EUR
https://www.copart.fi/lotDetail/50558200,50558200,0 EUR,02.10.2025 11:07 GMT+3,2014,19,TRANSIT,Combustion,,WF0YXXTTGYEM57048,,,,"244,764 ",,Side,"2,950 EUR",0 EUR,34,Pirkkala,0 EUR
https://www.copart.fi/lotDetail/50553726,50553726,0 EUR,02.10.2025 11:13 GMT+3,2010,59,Xc70,Combustion,,YV1BZ7046A1082078,,,,"365,672 ",,Animal Damage,"2,600 EUR",0 EUR,39,Oulu,0 EUR
https://www.copart.fi/lotDetail/50554256,50554256,0 EUR,02.10.2025 11:13 GMT+3,2015,19,C-Max,Combustion,,WF0JXXGCBJFC83050,,,,"182,893 ",,Mechanical,"1,450 EUR",0 EUR,40,Espoo,0 EUR
https://www.copart.fi/lotDetail/50554634,50554634,0 EUR,02.10.2025 11:15 GMT+3,2013,50,Octavia,Combustion,,TMBGK61Z2B2058966,,,,"178,668 ",,Rear End,"1,200 EUR",0 EUR,41,Espoo,0 EUR
https://www.copart.fi/lotDetail/50546937,50546937,0 EUR,02.10.2025 11:16 GMT+3,2009,4,A4,Combustion,,WAUZZZ8K5AA012757,,,,"300,309 ",,Normal Wear,"1,100 EUR",0 EUR,42,Espoo,0 EUR
https://www.copart.fi/lotDetail/50545944,50545944,0 EUR,02.10.2025 11:17 GMT+3,2017,50,Fabia,Combustion,,TMBEP6NJXJZ042856,,,,"165,107 ",,Rear End,800 EUR,0 EUR,43,Espoo,0 EUR
https://www.copart.fi/lotDetail/50554685,50554685,0 EUR,02.10.2025 11:20 GMT+3,2007,59,Xc70,Combustion,,YV1BZ985681010673,,,,"248,053 ",,Side,"3,200 EUR",0 EUR,45,Oulu,0 EUR
https://www.copart.fi/lotDetail/50554722,50554722,0 EUR,02.10.2025 11:26 GMT+3,2016,42,208,Combustion,,VF3CCHMZ6GW023774,,,,"92,623 ",,Side,"1,400 EUR",0 EUR,51,Espoo,0 EUR
https://www.copart.fi/lotDetail/50558300,50558300,0 EUR,02.10.2025 11:31 GMT+3,2025,56,C-HR,Hybrid,,JTPAAAAA50R067707,,,,"37,395 ",,Side,"14,700 EUR",0 EUR,53,Turku,0 EUR
https://www.copart.fi/lotDetail/50558305,50558305,0 EUR,02.10.2025 11:34 GMT+3,1972,1100400,Shipman 28 + Nanni 14hv 2002,Combustion,,N/A,,,,1 ,,Hull Damage,20 EUR,0 EUR,55,Koski,0 EUR
https://www.copart.fi/lotDetail/50558306,50558306,0 EUR,02.10.2025 11:35 GMT+3,2015,58,Beetle,Combustion,,WVWZZZ16ZFM641483,,,,"158,489 ",,Animal Damage,"1,700 EUR",0 EUR,56,Oulu,0 EUR
https://www.copart.fi/lotDetail/50554695,50554695,0 EUR,02.10.2025 11:37 GMT+3,2012,58,Beetle,Combustion,,WVWZZZ16ZCM639170,,,,"299,819 ",,Mechanical,"1,350 EUR",0 EUR,58,Oulu,0 EUR
https://www.copart.fi/lotDetail/50558342,50558342,0 EUR,02.10.2025 11:43 GMT+3,2012,5,X3,Combustion,,WBAWY31090L885278,,,,"237,824 ",,Rear End,"6,000 EUR",0 EUR,63,Turku,0 EUR
https://www.copart.fi/lotDetail/50558344,50558344,0 EUR,02.10.2025 11:47 GMT+3,2017,19,TRANSIT,Combustion,,WF0YXXTTGYHC53843,,,,"180,211 ",,Front End,"1,950 EUR",0 EUR,65,Oulu,0 EUR
https://www.copart.fi/lotDetail/50558346,50558346,0 EUR,02.10.2025 11:49 GMT+3,2022,41,Astra,Combustion,,W0VBE8ET8N8041518,,,,"62,045 ",,Front End,"5,100 EUR",0 EUR,66,Turku,0 EUR
https://www.copart.fi/lotDetail/50558374,50558374,0 EUR,02.10.2025 12:05 GMT+3,2003,1100400,Rocla TTI15,Electric,,5348508,,,,448 ,,Normal Wear,525 EUR,0 EUR,79,Pirkkala,0 EUR
https://www.copart.fi/lotDetail/50551895,50551895,0 EUR,02.10.2025 12:06 GMT+3,2013,42,508,Combustion,,VF38E5FV8CL056465,,,,"184,418 ",,Animal Damage,800 EUR,0 EUR,80,Turku,0 EUR
https://www.copart.fi/lotDetail/50551897,50551897,0 EUR,02.10.2025 12:07 GMT+3,2014,50,Octavia,Combustion,,TMBAC7NE4E0148605,,,,"228,354 ",,Rear End,"1,800 EUR",0 EUR,81,Turku,0 EUR
https://www.copart.fi/lotDetail/50558453,50558453,0 EUR,02.10.2025 12:09 GMT+3,2015,58,TRANSPORTER,Combustion,,WV1ZZZ7HZGH038134,,,,"220,869 ",,Mechanical,"7,200 EUR",0 EUR,83,Turku,0 EUR
https://www.copart.fi/lotDetail/50558454,50558454,0 EUR,02.10.2025 12:11 GMT+3,2003,56,RAV4,Combustion,,JTEHH20V406100212,,,,"186,673 ",,Side,"1,900 EUR",0 EUR,84,Turku,0 EUR
https://www.copart.fi/lotDetail/50550423,50550423,0 EUR,02.10.2025 12:17 GMT+3,2013,58,CADDY,Combustion,,WV1ZZZ2KZEX014690,,,,"372,284 ",,Normal Wear,625 EUR,0 EUR,87,Espoo,0 EUR
https://www.copart.fi/lotDetail/50552044,50552044,0 EUR,02.10.2025 12:19 GMT+3,2017,42,208,Combustion,,VF3CCHMZ6GT237870,,,,"114,234 ",,Front End,"2,000 EUR",0 EUR,88,Oulu,0 EUR
https://www.copart.fi/lotDetail/50521171,50521171,0 EUR,02.10.2025 12:31 GMT+3,2005,43,Cayenne,Combustion,,WP1ZZZ9PZ5LA07013,,,,"200,710 ",,Mechanical,"3,050 EUR",0 EUR,97,Pirkkala,0 EUR
https://www.copart.fi/lotDetail/50558699,50558699,0 EUR,02.10.2025 12:32 GMT+3,2012,58,Jetta,Combustion,,WVWZZZ16ZCM153757,,,,"191,609 ",,Front End,375 EUR,0 EUR,98,Jyväskylä,0 EUR
https://www.copart.fi/lotDetail/50558726,50558726,0 EUR,02.10.2025 12:43 GMT+3,2024,1100400,Znen Twist 50,Combustion,,L5YXGCBB4R1124685,,,,"3,584 ",,Side,300 EUR,0 EUR,108,Espoo,0 EUR
https://www.copart.fi/lotDetail/50558731,50558731,0 EUR,02.10.2025 12:49 GMT+3,2011,37,A,Combustion,,WDD1693311J877016,,,,"120,999 ",,Front End,250 EUR,0 EUR,112,Espoo,0 EUR
https://www.copart.fi/lotDetail/50558734,50558734,0 EUR,02.10.2025 12:52 GMT+3,2014,26,Rio,Combustion,,KNADN511AE6428435,,,,"109,679 ",,Front End,"1,850 EUR",0 EUR,113,Espoo,0 EUR
https://www.copart.fi/lotDetail/50558741,50558741,0 EUR,02.10.2025 12:52 GMT+3,2008,37,E,Combustion,,WDB2112081B305337,,,,"315,000 ",,Side,"1,350 EUR",0 EUR,114,Espoo,0 EUR
https://www.copart.fi/lotDetail/50554295,50554295,0 EUR,02.10.2025 12:56 GMT+3,2014,59,Xc70,Combustion,,YV1BZ8256F1220147,,,,"193,293 ",,Front End,"6,600 EUR",0 EUR,115,Espoo,0 EUR
https://www.copart.fi/lotDetail/50558758,50558758,0 EUR,02.10.2025 12:57 GMT+3,2021,16,Tipo,Combustion,,ZFACF7H38M6T83831,,,,"50,762 ",,Rear End,"3,850 EUR",0 EUR,116,Pirkkala,0 EUR
https://www.copart.fi/lotDetail/50558774,50558774,0 EUR,02.10.2025 13:06 GMT+3,2012,19,Focus,Combustion,,WF0LXXGCBLCR86013,,,,"143,319 ",,Side,"1,900 EUR",0 EUR,122,Espoo,0 EUR
